plate,method,threshold,ocr_output,ocr_confidence,full_match,char_accuracy
AXL3J96,original,0.0,AL3096,0.6119792,false,0.14285715
AXL3J96,original,0.2,AL3096,0.6119792,false,0.14285715
AXL3J96,original,0.4,AL3096,0.6119792,false,0.14285715
AXL3J96,original,0.6,AL3096,0.6119792,false,0.14285715
AXL3J96,original,0.8,,0.6119792,false,0.0
AXL3J96,grayscale,0.0,AL3096,0.59244794,false,0.14285715
AXL3J96,grayscale,0.2,AL3096,0.59244794,false,0.14285715
AXL3J96,grayscale,0.4,AL3096,0.59244794,false,0.14285715
AXL3J96,grayscale,0.6,,0.59244794,false,0.0
AXL3J96,grayscale,0.8,,0.59244794,false,0.0
AXL3J96,inverted,0.0,L3096,0.6640625,false,0.0
AXL3J96,inverted,0.2,L3096,0.6640625,false,0.0
AXL3J96,inverted,0.4,L3096,0.6640625,false,0.0
AXL3J96,inverted,0.6,L3096,0.6640625,false,0.0
AXL3J96,inverted,0.8,,0.6640625,false,0.0
AXL3J96,adaptive,0.0,,1.0,false,0.0
AXL3J96,adaptive,0.2,,1.0,false,0.0
AXL3J96,adaptive,0.4,,1.0,false,0.0
AXL3J96,adaptive,0.6,,1.0,false,0.0
AXL3J96,adaptive,0.8,,1.0,false,0.0
AXL3J96,bilateral,0.0,AIL3396,0.46372768,false,0.71428573
AXL3J96,bilateral,0.2,AIL3396,0.46372768,false,0.71428573
AXL3J96,bilateral,0.4,AIL3396,0.46372768,false,0.71428573
AXL3J96,bilateral,0.6,,0.46372768,false,0.0
AXL3J96,bilateral,0.8,,0.46372768,false,0.0
AXL3J96,otsu,0.0,AALIJ96,0.31808037,false,0.71428573
AXL3J96,otsu,0.2,AALIJ96,0.31808037,false,0.71428573
AXL3J96,otsu,0.4,,0.31808037,false,0.0
AXL3J96,otsu,0.6,,0.31808037,false,0.0
AXL3J96,otsu,0.8,,0.31808037,false,0.0
AXL3J96,resized2x,0.0,AXL3096,0.50223213,false,0.85714287
AXL3J96,resized2x,0.2,AXL3096,0.50223213,false,0.85714287
AXL3J96,resized2x,0.4,AXL3096,0.50223213,false,0.85714287
AXL3J96,resized2x,0.6,,0.50223213,false,0.0
AXL3J96,resized2x,0.8,,0.50223213,false,0.0
AXL3J96,sharpened,0.0,AXAL3096,0.32373047,false,0.2857143
AXL3J96,sharpened,0.2,AXAL3096,0.32373047,false,0.2857143
AXL3J96,sharpened,0.4,,0.32373047,false,0.0
AXL3J96,sharpened,0.6,,0.32373047,false,0.0
AXL3J96,sharpened,0.8,,0.32373047,false,0.0
AXL3J96,original,0.0,AXL3JP6,0.41350445,false,0.85714287
AXL3J96,original,0.2,AXL3JP6,0.41350445,false,0.85714287
AXL3J96,original,0.4,AXL3JP6,0.41350445,false,0.85714287
AXL3J96,original,0.6,,0.41350445,false,0.0
AXL3J96,original,0.8,,0.41350445,false,0.0
AXL3J96,grayscale,0.0,AXL3JP6,0.45870537,false,0.85714287
AXL3J96,grayscale,0.2,AXL3JP6,0.45870537,false,0.85714287
AXL3J96,grayscale,0.4,AXL3JP6,0.45870537,false,0.85714287
AXL3J96,grayscale,0.6,,0.45870537,false,0.0
AXL3J96,grayscale,0.8,,0.45870537,false,0.0
AXL3J96,inverted,0.0,AIL3J95,0.26171875,false,0.71428573
AXL3J96,inverted,0.2,AIL3J95,0.26171875,false,0.71428573
AXL3J96,inverted,0.4,,0.26171875,false,0.0
AXL3J96,inverted,0.6,,0.26171875,false,0.0
AXL3J96,inverted,0.8,,0.26171875,false,0.0
AXL3J96,adaptive,0.0,X3115,0.32109374,false,0.0
AXL3J96,adaptive,0.2,X3115,0.32109374,false,0.0
AXL3J96,adaptive,0.4,,0.32109374,false,0.0
AXL3J96,adaptive,0.6,,0.32109374,false,0.0
AXL3J96,adaptive,0.8,,0.32109374,false,0.0
AXL3J96,bilateral,0.0,AAL3U96,0.29743305,false,0.71428573
AXL3J96,bilateral,0.2,AAL3U96,0.29743305,false,0.71428573
AXL3J96,bilateral,0.4,,0.29743305,false,0.0
AXL3J96,bilateral,0.6,,0.29743305,false,0.0
AXL3J96,bilateral,0.8,,0.29743305,false,0.0
AXL3J96,otsu,0.0,,1.0,false,0.0
AXL3J96,otsu,0.2,,1.0,false,0.0
AXL3J96,otsu,0.4,,1.0,false,0.0
AXL3J96,otsu,0.6,,1.0,false,0.0
AXL3J96,otsu,0.8,,1.0,false,0.0
AXL3J96,resized2x,0.0,AXL3J96,0.42299107,true,1.0
AXL3J96,resized2x,0.2,AXL3J96,0.42299107,true,1.0
AXL3J96,resized2x,0.4,AXL3J96,0.42299107,true,1.0
AXL3J96,resized2x,0.6,,0.42299107,false,0.0
AXL3J96,resized2x,0.8,,0.42299107,false,0.0
AXL3J96,sharpened,0.0,AKL3J96,0.37779018,false,0.85714287
AXL3J96,sharpened,0.2,AKL3J96,0.37779018,false,0.85714287
AXL3J96,sharpened,0.4,,0.37779018,false,0.0
AXL3J96,sharpened,0.6,,0.37779018,false,0.0
AXL3J96,sharpened,0.8,,0.37779018,false,0.0
FOZ0I41,original,0.0,F0Z0141,0.56152344,false,0.71428573
FOZ0I41,original,0.2,F0Z0141,0.56152344,false,0.71428573
FOZ0I41,original,0.4,F0Z0141,0.56152344,false,0.71428573
FOZ0I41,original,0.6,,0.56152344,false,0.0
FOZ0I41,original,0.8,,0.56152344,false,0.0
FOZ0I41,grayscale,0.0,F0Z0141,0.57128906,false,0.71428573
FOZ0I41,grayscale,0.2,F0Z0141,0.57128906,false,0.71428573
FOZ0I41,grayscale,0.4,F0Z0141,0.57128906,false,0.71428573
FOZ0I41,grayscale,0.6,,0.57128906,false,0.0
FOZ0I41,grayscale,0.8,,0.57128906,false,0.0
FOZ0I41,inverted,0.0,F020151,0.42871094,false,0.42857143
FOZ0I41,inverted,0.2,F020151,0.42871094,false,0.42857143
FOZ0I41,inverted,0.4,F020151,0.42871094,false,0.42857143
FOZ0I41,inverted,0.6,,0.42871094,false,0.0
FOZ0I41,inverted,0.8,,0.42871094,false,0.0
FOZ0I41,adaptive,0.0,FOZGL41,0.43247768,false,0.71428573
FOZ0I41,adaptive,0.2,FOZGL41,0.43247768,false,0.71428573
FOZ0I41,adaptive,0.4,FOZGL41,0.43247768,false,0.71428573
FOZ0I41,adaptive,0.6,,0.43247768,false,0.0
FOZ0I41,adaptive,0.8,,0.43247768,false,0.0
FOZ0I41,bilateral,0.0,F02014,0.53515625,false,0.42857143
FOZ0I41,bilateral,0.2,F02014,0.53515625,false,0.42857143
FOZ0I41,bilateral,0.4,F02014,0.53515625,false,0.42857143
FOZ0I41,bilateral,0.6,,0.53515625,false,0.0
FOZ0I41,bilateral,0.8,,0.53515625,false,0.0
FOZ0I41,otsu,0.0,,1.0,false,0.0
FOZ0I41,otsu,0.2,,1.0,false,0.0
FOZ0I41,otsu,0.4,,1.0,false,0.0
FOZ0I41,otsu,0.6,,1.0,false,0.0
FOZ0I41,otsu,0.8,,1.0,false,0.0
FOZ0I41,resized2x,0.0,F0Z0141,0.5004883,false,0.71428573
FOZ0I41,resized2x,0.2,F0Z0141,0.5004883,false,0.71428573
FOZ0I41,resized2x,0.4,F0Z0141,0.5004883,false,0.71428573
FOZ0I41,resized2x,0.6,,0.5004883,false,0.0
FOZ0I41,resized2x,0.8,,0.5004883,false,0.0
FOZ0I41,sharpened,0.0,F0ZO141,0.5072545,false,0.5714286
FOZ0I41,sharpened,0.2,F0ZO141,0.5072545,false,0.5714286
FOZ0I41,sharpened,0.4,F0ZO141,0.5072545,false,0.5714286
FOZ0I41,sharpened,0.6,,0.5072545,false,0.0
FOZ0I41,sharpened,0.8,,0.5072545,false,0.0
FOZ0I41,original,0.0,F0ZO141,0.56696427,false,0.5714286
FOZ0I41,original,0.2,F0ZO141,0.56696427,false,0.5714286
FOZ0I41,original,0.4,F0ZO141,0.56696427,false,0.5714286
FOZ0I41,original,0.6,,0.56696427,false,0.0
FOZ0I41,original,0.8,,0.56696427,false,0.0
FOZ0I41,grayscale,0.0,F0ZO141,0.59765625,false,0.5714286
FOZ0I41,grayscale,0.2,F0ZO141,0.59765625,false,0.5714286
FOZ0I41,grayscale,0.4,F0ZO141,0.59765625,false,0.5714286
FOZ0I41,grayscale,0.6,,0.59765625,false,0.0
FOZ0I41,grayscale,0.8,,0.59765625,false,0.0
FOZ0I41,inverted,0.0,RE020141,0.45410156,false,0.0
FOZ0I41,inverted,0.2,RE020141,0.45410156,false,0.0
FOZ0I41,inverted,0.4,RE020141,0.45410156,false,0.0
FOZ0I41,inverted,0.6,,0.45410156,false,0.0
FOZ0I41,inverted,0.8,,0.45410156,false,0.0
FOZ0I41,adaptive,0.0,EFO20141,0.5239258,false,0.0
FOZ0I41,adaptive,0.2,EFO20141,0.5239258,false,0.0
FOZ0I41,adaptive,0.4,EFO20141,0.5239258,false,0.0
FOZ0I41,adaptive,0.6,,0.5239258,false,0.0
FOZ0I41,adaptive,0.8,,0.5239258,false,0.0
FOZ0I41,bilateral,0.0,F0Z0141,0.5558036,false,0.71428573
FOZ0I41,bilateral,0.2,F0Z0141,0.5558036,false,0.71428573
FOZ0I41,bilateral,0.4,F0Z0141,0.5558036,false,0.71428573
FOZ0I41,bilateral,0.6,,0.5558036,false,0.0
FOZ0I41,bilateral,0.8,,0.5558036,false,0.0
FOZ0I41,otsu,0.0,FO23141,0.40513393,false,0.5714286
FOZ0I41,otsu,0.2,FO23141,0.40513393,false,0.5714286
FOZ0I41,otsu,0.4,FO23141,0.40513393,false,0.5714286
FOZ0I41,otsu,0.6,,0.40513393,false,0.0
FOZ0I41,otsu,0.8,,0.40513393,false,0.0
FOZ0I41,resized2x,0.0,F0ZO141,0.47823662,false,0.5714286
FOZ0I41,resized2x,0.2,F0ZO141,0.47823662,false,0.5714286
FOZ0I41,resized2x,0.4,F0ZO141,0.47823662,false,0.5714286
FOZ0I41,resized2x,0.6,,0.47823662,false,0.0
FOZ0I41,resized2x,0.8,,0.47823662,false,0.0
FOZ0I41,sharpened,0.0,F0Z0141,0.55189735,false,0.71428573
FOZ0I41,sharpened,0.2,F0Z0141,0.55189735,false,0.71428573
FOZ0I41,sharpened,0.4,F0Z0141,0.55189735,false,0.71428573
FOZ0I41,sharpened,0.6,,0.55189735,false,0.0
FOZ0I41,sharpened,0.8,,0.55189735,false,0.0
FOZ0I41,original,0.0,F020141,0.54464287,false,0.5714286
FOZ0I41,original,0.2,F020141,0.54464287,false,0.5714286
FOZ0I41,original,0.4,F020141,0.54464287,false,0.5714286
FOZ0I41,original,0.6,,0.54464287,false,0.0
FOZ0I41,original,0.8,,0.54464287,false,0.0
FOZ0I41,grayscale,0.0,F020141,0.5485491,false,0.5714286
FOZ0I41,grayscale,0.2,F020141,0.5485491,false,0.5714286
FOZ0I41,grayscale,0.4,F020141,0.5485491,false,0.5714286
FOZ0I41,grayscale,0.6,,0.5485491,false,0.0
FOZ0I41,grayscale,0.8,,0.5485491,false,0.0
FOZ0I41,inverted,0.0,E020141,0.5379464,false,0.42857143
FOZ0I41,inverted,0.2,E020141,0.5379464,false,0.42857143
FOZ0I41,inverted,0.4,E020141,0.5379464,false,0.42857143
FOZ0I41,inverted,0.6,,0.5379464,false,0.0
FOZ0I41,inverted,0.8,,0.5379464,false,0.0
FOZ0I41,adaptive,0.0,FOZ0161,0.43861607,false,0.71428573
FOZ0I41,adaptive,0.2,FOZ0161,0.43861607,false,0.71428573
FOZ0I41,adaptive,0.4,FOZ0161,0.43861607,false,0.71428573
FOZ0I41,adaptive,0.6,,0.43861607,false,0.0
FOZ0I41,adaptive,0.8,,0.43861607,false,0.0
FOZ0I41,bilateral,0.0,4F020141,0.5551758,false,0.0
FOZ0I41,bilateral,0.2,4F020141,0.5551758,false,0.0
FOZ0I41,bilateral,0.4,4F020141,0.5551758,false,0.0
FOZ0I41,bilateral,0.6,,0.5551758,false,0.0
FOZ0I41,bilateral,0.8,,0.5551758,false,0.0
FOZ0I41,otsu,0.0,,1.0,false,0.0
FOZ0I41,otsu,0.2,,1.0,false,0.0
FOZ0I41,otsu,0.4,,1.0,false,0.0
FOZ0I41,otsu,0.6,,1.0,false,0.0
FOZ0I41,otsu,0.8,,1.0,false,0.0
FOZ0I41,resized2x,0.0,F0ZOI41,0.55022323,false,0.71428573
FOZ0I41,resized2x,0.2,F0ZOI41,0.55022323,false,0.71428573
FOZ0I41,resized2x,0.4,F0ZOI41,0.55022323,false,0.71428573
FOZ0I41,resized2x,0.6,,0.55022323,false,0.0
FOZ0I41,resized2x,0.8,,0.55022323,false,0.0
FOZ0I41,sharpened,0.0,F020141,0.4955357,false,0.5714286
FOZ0I41,sharpened,0.2,F020141,0.4955357,false,0.5714286
FOZ0I41,sharpened,0.4,F020141,0.4955357,false,0.5714286
FOZ0I41,sharpened,0.6,,0.4955357,false,0.0
FOZ0I41,sharpened,0.8,,0.4955357,false,0.0
FTI8C84,original,0.0,FTI8C84,0.51785713,true,1.0
FTI8C84,original,0.2,FTI8C84,0.51785713,true,1.0
FTI8C84,original,0.4,FTI8C84,0.51785713,true,1.0
FTI8C84,original,0.6,,0.51785713,false,0.0
FTI8C84,original,0.8,,0.51785713,false,0.0
FTI8C84,grayscale,0.0,FTI8C84,0.51227677,true,1.0
FTI8C84,grayscale,0.2,FTI8C84,0.51227677,true,1.0
FTI8C84,grayscale,0.4,FTI8C84,0.51227677,true,1.0
FTI8C84,grayscale,0.6,,0.51227677,false,0.0
FTI8C84,grayscale,0.8,,0.51227677,false,0.0
FTI8C84,inverted,0.0,FTI8C84,0.57254463,true,1.0
FTI8C84,inverted,0.2,FTI8C84,0.57254463,true,1.0
FTI8C84,inverted,0.4,FTI8C84,0.57254463,true,1.0
FTI8C84,inverted,0.6,,0.57254463,false,0.0
FTI8C84,inverted,0.8,,0.57254463,false,0.0
FTI8C84,adaptive,0.0,FT18C842,0.47851562,false,0.85714287
FTI8C84,adaptive,0.2,FT18C842,0.47851562,false,0.85714287
FTI8C84,adaptive,0.4,FT18C842,0.47851562,false,0.85714287
FTI8C84,adaptive,0.6,,0.47851562,false,0.0
FTI8C84,adaptive,0.8,,0.47851562,false,0.0
FTI8C84,bilateral,0.0,LFTI8C84,0.4873047,false,0.0
FTI8C84,bilateral,0.2,LFTI8C84,0.4873047,false,0.0
FTI8C84,bilateral,0.4,LFTI8C84,0.4873047,false,0.0
FTI8C84,bilateral,0.6,,0.4873047,false,0.0
FTI8C84,bilateral,0.8,,0.4873047,false,0.0
FTI8C84,otsu,0.0,LR08T13,1.0,false,0.14285715
FTI8C84,otsu,0.2,LR08T13,1.0,false,0.14285715
FTI8C84,otsu,0.4,LR08T13,1.0,false,0.14285715
FTI8C84,otsu,0.6,LR08T13,1.0,false,0.14285715
FTI8C84,otsu,0.8,LR08T13,1.0,false,0.14285715
FTI8C84,resized2x,0.0,FT18C84,0.5083705,false,0.85714287
FTI8C84,resized2x,0.2,FT18C84,0.5083705,false,0.85714287
FTI8C84,resized2x,0.4,FT18C84,0.5083705,false,0.85714287
FTI8C84,resized2x,0.6,,0.5083705,false,0.0
FTI8C84,resized2x,0.8,,0.5083705,false,0.0
FTI8C84,sharpened,0.0,LFT18C84,0.4711914,false,0.0
FTI8C84,sharpened,0.2,LFT18C84,0.4711914,false,0.0
FTI8C84,sharpened,0.4,LFT18C84,0.4711914,false,0.0
FTI8C84,sharpened,0.6,,0.4711914,false,0.0
FTI8C84,sharpened,0.8,,0.4711914,false,0.0
FTI8C84,original,0.0,FTI8C84,0.6791295,true,1.0
FTI8C84,original,0.2,FTI8C84,0.6791295,true,1.0
FTI8C84,original,0.4,FTI8C84,0.6791295,true,1.0
FTI8C84,original,0.6,FTI8C84,0.6791295,true,1.0
FTI8C84,original,0.8,,0.6791295,false,0.0
FTI8C84,grayscale,0.0,FTI8C84,0.6964286,true,1.0
FTI8C84,grayscale,0.2,FTI8C84,0.6964286,true,1.0
FTI8C84,grayscale,0.4,FTI8C84,0.6964286,true,1.0
FTI8C84,grayscale,0.6,FTI8C84,0.6964286,true,1.0
FTI8C84,grayscale,0.8,,0.6964286,false,0.0
FTI8C84,inverted,0.0,FTI8C84,0.73995537,true,1.0
FTI8C84,inverted,0.2,FTI8C84,0.73995537,true,1.0
FTI8C84,inverted,0.4,FTI8C84,0.73995537,true,1.0
FTI8C84,inverted,0.6,FTI8C84,0.73995537,true,1.0
FTI8C84,inverted,0.8,,0.73995537,false,0.0
FTI8C84,adaptive,0.0,,1.0,false,0.0
FTI8C84,adaptive,0.2,,1.0,false,0.0
FTI8C84,adaptive,0.4,,1.0,false,0.0
FTI8C84,adaptive,0.6,,1.0,false,0.0
FTI8C84,adaptive,0.8,,1.0,false,0.0
FTI8C84,bilateral,0.0,LFT18C84,0.640625,false,0.0
FTI8C84,bilateral,0.2,LFT18C84,0.640625,false,0.0
FTI8C84,bilateral,0.4,LFT18C84,0.640625,false,0.0
FTI8C84,bilateral,0.6,LFT18C84,0.640625,false,0.0
FTI8C84,bilateral,0.8,,0.640625,false,0.0
FTI8C84,otsu,0.0,FTI8C84,0.33537945,true,1.0
FTI8C84,otsu,0.2,FTI8C84,0.33537945,true,1.0
FTI8C84,otsu,0.4,,0.33537945,false,0.0
FTI8C84,otsu,0.6,,0.33537945,false,0.0
FTI8C84,otsu,0.8,,0.33537945,false,0.0
FTI8C84,resized2x,0.0,FTI8C84,0.6796875,true,1.0
FTI8C84,resized2x,0.2,FTI8C84,0.6796875,true,1.0
FTI8C84,resized2x,0.4,FTI8C84,0.6796875,true,1.0
FTI8C84,resized2x,0.6,FTI8C84,0.6796875,true,1.0
FTI8C84,resized2x,0.8,,0.6796875,false,0.0
FTI8C84,sharpened,0.0,LFTI8C84,0.60546875,false,0.0
FTI8C84,sharpened,0.2,LFTI8C84,0.60546875,false,0.0
FTI8C84,sharpened,0.4,LFTI8C84,0.60546875,false,0.0
FTI8C84,sharpened,0.6,LFTI8C84,0.60546875,false,0.0
FTI8C84,sharpened,0.8,,0.60546875,false,0.0
FTI8C84,original,0.0,FTI8C84,0.688058,true,1.0
FTI8C84,original,0.2,FTI8C84,0.688058,true,1.0
FTI8C84,original,0.4,FTI8C84,0.688058,true,1.0
FTI8C84,original,0.6,FTI8C84,0.688058,true,1.0
FTI8C84,original,0.8,,0.688058,false,0.0
FTI8C84,grayscale,0.0,LFTI8C84,0.6582031,false,0.0
FTI8C84,grayscale,0.2,LFTI8C84,0.6582031,false,0.0
FTI8C84,grayscale,0.4,LFTI8C84,0.6582031,false,0.0
FTI8C84,grayscale,0.6,LFTI8C84,0.6582031,false,0.0
FTI8C84,grayscale,0.8,,0.6582031,false,0.0
FTI8C84,inverted,0.0,FTI8C84,0.765625,true,1.0
FTI8C84,inverted,0.2,FTI8C84,0.765625,true,1.0
FTI8C84,inverted,0.4,FTI8C84,0.765625,true,1.0
FTI8C84,inverted,0.6,FTI8C84,0.765625,true,1.0
FTI8C84,inverted,0.8,,0.765625,false,0.0
FTI8C84,adaptive,0.0,FTI8C84,0.3716518,true,1.0
FTI8C84,adaptive,0.2,FTI8C84,0.3716518,true,1.0
FTI8C84,adaptive,0.4,,0.3716518,false,0.0
FTI8C84,adaptive,0.6,,0.3716518,false,0.0
FTI8C84,adaptive,0.8,,0.3716518,false,0.0
FTI8C84,bilateral,0.0,FTI8C84,0.7645089,true,1.0
FTI8C84,bilateral,0.2,FTI8C84,0.7645089,true,1.0
FTI8C84,bilateral,0.4,FTI8C84,0.7645089,true,1.0
FTI8C84,bilateral,0.6,FTI8C84,0.7645089,true,1.0
FTI8C84,bilateral,0.8,,0.7645089,false,0.0
FTI8C84,otsu,0.0,FTI8C84,0.47488838,true,1.0
FTI8C84,otsu,0.2,FTI8C84,0.47488838,true,1.0
FTI8C84,otsu,0.4,FTI8C84,0.47488838,true,1.0
FTI8C84,otsu,0.6,,0.47488838,false,0.0
FTI8C84,otsu,0.8,,0.47488838,false,0.0
FTI8C84,resized2x,0.0,FTI8C84,0.74497765,true,1.0
FTI8C84,resized2x,0.2,FTI8C84,0.74497765,true,1.0
FTI8C84,resized2x,0.4,FTI8C84,0.74497765,true,1.0
FTI8C84,resized2x,0.6,FTI8C84,0.74497765,true,1.0
FTI8C84,resized2x,0.8,,0.74497765,false,0.0
FTI8C84,sharpened,0.0,LFTI8C84,0.67529297,false,0.0
FTI8C84,sharpened,0.2,LFTI8C84,0.67529297,false,0.0
FTI8C84,sharpened,0.4,LFTI8C84,0.67529297,false,0.0
FTI8C84,sharpened,0.6,LFTI8C84,0.67529297,false,0.0
FTI8C84,sharpened,0.8,,0.67529297,false,0.0
FTI8C84,original,0.0,FTI8C84,0.688058,true,1.0
FTI8C84,original,0.2,FTI8C84,0.688058,true,1.0
FTI8C84,original,0.4,FTI8C84,0.688058,true,1.0
FTI8C84,original,0.6,FTI8C84,0.688058,true,1.0
FTI8C84,original,0.8,,0.688058,false,0.0
FTI8C84,grayscale,0.0,LFTI8C84,0.6582031,false,0.0
FTI8C84,grayscale,0.2,LFTI8C84,0.6582031,false,0.0
FTI8C84,grayscale,0.4,LFTI8C84,0.6582031,false,0.0
FTI8C84,grayscale,0.6,LFTI8C84,0.6582031,false,0.0
FTI8C84,grayscale,0.8,,0.6582031,false,0.0
FTI8C84,inverted,0.0,FTI8C84,0.765625,true,1.0
FTI8C84,inverted,0.2,FTI8C84,0.765625,true,1.0
FTI8C84,inverted,0.4,FTI8C84,0.765625,true,1.0
FTI8C84,inverted,0.6,FTI8C84,0.765625,true,1.0
FTI8C84,inverted,0.8,,0.765625,false,0.0
FTI8C84,adaptive,0.0,FTI8C84,0.3716518,true,1.0
FTI8C84,adaptive,0.2,FTI8C84,0.3716518,true,1.0
FTI8C84,adaptive,0.4,,0.3716518,false,0.0
FTI8C84,adaptive,0.6,,0.3716518,false,0.0
FTI8C84,adaptive,0.8,,0.3716518,false,0.0
FTI8C84,bilateral,0.0,FTI8C84,0.7645089,true,1.0
FTI8C84,bilateral,0.2,FTI8C84,0.7645089,true,1.0
FTI8C84,bilateral,0.4,FTI8C84,0.7645089,true,1.0
FTI8C84,bilateral,0.6,FTI8C84,0.7645089,true,1.0
FTI8C84,bilateral,0.8,,0.7645089,false,0.0
FTI8C84,otsu,0.0,FTI8C84,0.47488838,true,1.0
FTI8C84,otsu,0.2,FTI8C84,0.47488838,true,1.0
FTI8C84,otsu,0.4,FTI8C84,0.47488838,true,1.0
FTI8C84,otsu,0.6,,0.47488838,false,0.0
FTI8C84,otsu,0.8,,0.47488838,false,0.0
FTI8C84,resized2x,0.0,FTI8C84,0.74497765,true,1.0
FTI8C84,resized2x,0.2,FTI8C84,0.74497765,true,1.0
FTI8C84,resized2x,0.4,FTI8C84,0.74497765,true,1.0
FTI8C84,resized2x,0.6,FTI8C84,0.74497765,true,1.0
FTI8C84,resized2x,0.8,,0.74497765,false,0.0
FTI8C84,sharpened,0.0,LFTI8C84,0.67529297,false,0.0
FTI8C84,sharpened,0.2,LFTI8C84,0.67529297,false,0.0
FTI8C84,sharpened,0.4,LFTI8C84,0.67529297,false,0.0
FTI8C84,sharpened,0.6,LFTI8C84,0.67529297,false,0.0
FTI8C84,sharpened,0.8,,0.67529297,false,0.0
FTI8C84,original,0.0,FTI8C84,0.51785713,true,1.0
FTI8C84,original,0.2,FTI8C84,0.51785713,true,1.0
FTI8C84,original,0.4,FTI8C84,0.51785713,true,1.0
FTI8C84,original,0.6,,0.51785713,false,0.0
FTI8C84,original,0.8,,0.51785713,false,0.0
FTI8C84,grayscale,0.0,FTI8C84,0.51227677,true,1.0
FTI8C84,grayscale,0.2,FTI8C84,0.51227677,true,1.0
FTI8C84,grayscale,0.4,FTI8C84,0.51227677,true,1.0
FTI8C84,grayscale,0.6,,0.51227677,false,0.0
FTI8C84,grayscale,0.8,,0.51227677,false,0.0
FTI8C84,inverted,0.0,FTI8C84,0.57254463,true,1.0
FTI8C84,inverted,0.2,FTI8C84,0.57254463,true,1.0
FTI8C84,inverted,0.4,FTI8C84,0.57254463,true,1.0
FTI8C84,inverted,0.6,,0.57254463,false,0.0
FTI8C84,inverted,0.8,,0.57254463,false,0.0
FTI8C84,adaptive,0.0,FT18C842,0.47851562,false,0.85714287
FTI8C84,adaptive,0.2,FT18C842,0.47851562,false,0.85714287
FTI8C84,adaptive,0.4,FT18C842,0.47851562,false,0.85714287
FTI8C84,adaptive,0.6,,0.47851562,false,0.0
FTI8C84,adaptive,0.8,,0.47851562,false,0.0
FTI8C84,bilateral,0.0,LFTI8C84,0.4873047,false,0.0
FTI8C84,bilateral,0.2,LFTI8C84,0.4873047,false,0.0
FTI8C84,bilateral,0.4,LFTI8C84,0.4873047,false,0.0
FTI8C84,bilateral,0.6,,0.4873047,false,0.0
FTI8C84,bilateral,0.8,,0.4873047,false,0.0
FTI8C84,otsu,0.0,LR08T13,1.0,false,0.14285715
FTI8C84,otsu,0.2,LR08T13,1.0,false,0.14285715
FTI8C84,otsu,0.4,LR08T13,1.0,false,0.14285715
FTI8C84,otsu,0.6,LR08T13,1.0,false,0.14285715
FTI8C84,otsu,0.8,LR08T13,1.0,false,0.14285715
FTI8C84,resized2x,0.0,FT18C84,0.5083705,false,0.85714287
FTI8C84,resized2x,0.2,FT18C84,0.5083705,false,0.85714287
FTI8C84,resized2x,0.4,FT18C84,0.5083705,false,0.85714287
FTI8C84,resized2x,0.6,,0.5083705,false,0.0
FTI8C84,resized2x,0.8,,0.5083705,false,0.0
FTI8C84,sharpened,0.0,LFT18C84,0.4711914,false,0.0
FTI8C84,sharpened,0.2,LFT18C84,0.4711914,false,0.0
FTI8C84,sharpened,0.4,LFT18C84,0.4711914,false,0.0
FTI8C84,sharpened,0.6,,0.4711914,false,0.0
FTI8C84,sharpened,0.8,,0.4711914,false,0.0
FTI8C84,original,0.0,FTI8C84,0.6791295,true,1.0
FTI8C84,original,0.2,FTI8C84,0.6791295,true,1.0
FTI8C84,original,0.4,FTI8C84,0.6791295,true,1.0
FTI8C84,original,0.6,FTI8C84,0.6791295,true,1.0
FTI8C84,original,0.8,,0.6791295,false,0.0
FTI8C84,grayscale,0.0,FTI8C84,0.6964286,true,1.0
FTI8C84,grayscale,0.2,FTI8C84,0.6964286,true,1.0
FTI8C84,grayscale,0.4,FTI8C84,0.6964286,true,1.0
FTI8C84,grayscale,0.6,FTI8C84,0.6964286,true,1.0
FTI8C84,grayscale,0.8,,0.6964286,false,0.0
FTI8C84,inverted,0.0,FTI8C84,0.73995537,true,1.0
FTI8C84,inverted,0.2,FTI8C84,0.73995537,true,1.0
FTI8C84,inverted,0.4,FTI8C84,0.73995537,true,1.0
FTI8C84,inverted,0.6,FTI8C84,0.73995537,true,1.0
FTI8C84,inverted,0.8,,0.73995537,false,0.0
FTI8C84,adaptive,0.0,,1.0,false,0.0
FTI8C84,adaptive,0.2,,1.0,false,0.0
FTI8C84,adaptive,0.4,,1.0,false,0.0
FTI8C84,adaptive,0.6,,1.0,false,0.0
FTI8C84,adaptive,0.8,,1.0,false,0.0
FTI8C84,bilateral,0.0,LFT18C84,0.640625,false,0.0
FTI8C84,bilateral,0.2,LFT18C84,0.640625,false,0.0
FTI8C84,bilateral,0.4,LFT18C84,0.640625,false,0.0
FTI8C84,bilateral,0.6,LFT18C84,0.640625,false,0.0
FTI8C84,bilateral,0.8,,0.640625,false,0.0
FTI8C84,otsu,0.0,FTI8C84,0.33537945,true,1.0
FTI8C84,otsu,0.2,FTI8C84,0.33537945,true,1.0
FTI8C84,otsu,0.4,,0.33537945,false,0.0
FTI8C84,otsu,0.6,,0.33537945,false,0.0
FTI8C84,otsu,0.8,,0.33537945,false,0.0
FTI8C84,resized2x,0.0,FTI8C84,0.6796875,true,1.0
FTI8C84,resized2x,0.2,FTI8C84,0.6796875,true,1.0
FTI8C84,resized2x,0.4,FTI8C84,0.6796875,true,1.0
FTI8C84,resized2x,0.6,FTI8C84,0.6796875,true,1.0
FTI8C84,resized2x,0.8,,0.6796875,false,0.0
FTI8C84,sharpened,0.0,LFTI8C84,0.60546875,false,0.0
FTI8C84,sharpened,0.2,LFTI8C84,0.60546875,false,0.0
FTI8C84,sharpened,0.4,LFTI8C84,0.60546875,false,0.0
FTI8C84,sharpened,0.6,LFTI8C84,0.60546875,false,0.0
FTI8C84,sharpened,0.8,,0.60546875,false,0.0
HPK3I69,original,0.0,HPKS169,0.48939732,false,0.71428573
HPK3I69,original,0.2,HPKS169,0.48939732,false,0.71428573
HPK3I69,original,0.4,HPKS169,0.48939732,false,0.71428573
HPK3I69,original,0.6,,0.48939732,false,0.0
HPK3I69,original,0.8,,0.48939732,false,0.0
HPK3I69,grayscale,0.0,HPKS169,0.5061384,false,0.71428573
HPK3I69,grayscale,0.2,HPKS169,0.5061384,false,0.71428573
HPK3I69,grayscale,0.4,HPKS169,0.5061384,false,0.71428573
HPK3I69,grayscale,0.6,,0.5061384,false,0.0
HPK3I69,grayscale,0.8,,0.5061384,false,0.0
HPK3I69,inverted,0.0,HPK3169,0.5920759,false,0.85714287
HPK3I69,inverted,0.2,HPK3169,0.5920759,false,0.85714287
HPK3I69,inverted,0.4,HPK3169,0.5920759,false,0.85714287
HPK3I69,inverted,0.6,,0.5920759,false,0.0
HPK3I69,inverted,0.8,,0.5920759,false,0.0
HPK3I69,adaptive,0.0,HPK3I69,0.42801338,true,1.0
HPK3I69,adaptive,0.2,HPK3I69,0.42801338,true,1.0
HPK3I69,adaptive,0.4,HPK3I69,0.42801338,true,1.0
HPK3I69,adaptive,0.6,,0.42801338,false,0.0
HPK3I69,adaptive,0.8,,0.42801338,false,0.0
HPK3I69,bilateral,0.0,LHPK316,0.51841515,false,0.0
HPK3I69,bilateral,0.2,LHPK316,0.51841515,false,0.0
HPK3I69,bilateral,0.4,LHPK316,0.51841515,false,0.0
HPK3I69,bilateral,0.6,,0.51841515,false,0.0
HPK3I69,bilateral,0.8,,0.51841515,false,0.0
HPK3I69,otsu,0.0,,1.0,false,0.0
HPK3I69,otsu,0.2,,1.0,false,0.0
HPK3I69,otsu,0.4,,1.0,false,0.0
HPK3I69,otsu,0.6,,1.0,false,0.0
HPK3I69,otsu,0.8,,1.0,false,0.0
HPK3I69,resized2x,0.0,LHPKS16,0.51116073,false,0.0
HPK3I69,resized2x,0.2,LHPKS16,0.51116073,false,0.0
HPK3I69,resized2x,0.4,LHPKS16,0.51116073,false,0.0
HPK3I69,resized2x,0.6,,0.51116073,false,0.0
HPK3I69,resized2x,0.8,,0.51116073,false,0.0
HPK3I69,sharpened,0.0,LHPKS169,0.4892578,false,0.0
HPK3I69,sharpened,0.2,LHPKS169,0.4892578,false,0.0
HPK3I69,sharpened,0.4,LHPKS169,0.4892578,false,0.0
HPK3I69,sharpened,0.6,,0.4892578,false,0.0
HPK3I69,sharpened,0.8,,0.4892578,false,0.0
HPK3I69,original,0.0,HPK3E69,0.49497768,false,0.85714287
HPK3I69,original,0.2,HPK3E69,0.49497768,false,0.85714287
HPK3I69,original,0.4,HPK3E69,0.49497768,false,0.85714287
HPK3I69,original,0.6,,0.49497768,false,0.0
HPK3I69,original,0.8,,0.49497768,false,0.0
HPK3I69,grayscale,0.0,MPK3E69,0.4810268,false,0.71428573
HPK3I69,grayscale,0.2,MPK3E69,0.4810268,false,0.71428573
HPK3I69,grayscale,0.4,MPK3E69,0.4810268,false,0.71428573
HPK3I69,grayscale,0.6,,0.4810268,false,0.0
HPK3I69,grayscale,0.8,,0.4810268,false,0.0
HPK3I69,inverted,0.0,HPK3169,0.43526787,false,0.85714287
HPK3I69,inverted,0.2,HPK3169,0.43526787,false,0.85714287
HPK3I69,inverted,0.4,HPK3169,0.43526787,false,0.85714287
HPK3I69,inverted,0.6,,0.43526787,false,0.0
HPK3I69,inverted,0.8,,0.43526787,false,0.0
HPK3I69,adaptive,0.0,P3I69,0.3859375,false,0.0
HPK3I69,adaptive,0.2,P3I69,0.3859375,false,0.0
HPK3I69,adaptive,0.4,,0.3859375,false,0.0
HPK3I69,adaptive,0.6,,0.3859375,false,0.0
HPK3I69,adaptive,0.8,,0.3859375,false,0.0
HPK3I69,bilateral,0.0,HPK3162,0.3716518,false,0.71428573
HPK3I69,bilateral,0.2,HPK3162,0.3716518,false,0.71428573
HPK3I69,bilateral,0.4,,0.3716518,false,0.0
HPK3I69,bilateral,0.6,,0.3716518,false,0.0
HPK3I69,bilateral,0.8,,0.3716518,false,0.0
HPK3I69,otsu,0.0,,1.0,false,0.0
HPK3I69,otsu,0.2,,1.0,false,0.0
HPK3I69,otsu,0.4,,1.0,false,0.0
HPK3I69,otsu,0.6,,1.0,false,0.0
HPK3I69,otsu,0.8,,1.0,false,0.0
HPK3I69,resized2x,0.0,MPK3E69,0.42299107,false,0.71428573
HPK3I69,resized2x,0.2,MPK3E69,0.42299107,false,0.71428573
HPK3I69,resized2x,0.4,MPK3E69,0.42299107,false,0.71428573
HPK3I69,resized2x,0.6,,0.42299107,false,0.0
HPK3I69,resized2x,0.8,,0.42299107,false,0.0
HPK3I69,sharpened,0.0,HPK3169,0.3716518,false,0.85714287
HPK3I69,sharpened,0.2,HPK3169,0.3716518,false,0.85714287
HPK3I69,sharpened,0.4,,0.3716518,false,0.0
HPK3I69,sharpened,0.6,,0.3716518,false,0.0
HPK3I69,sharpened,0.8,,0.3716518,false,0.0
HPK3I69,original,0.0,HPKS165,0.38058037,false,0.5714286
HPK3I69,original,0.2,HPKS165,0.38058037,false,0.5714286
HPK3I69,original,0.4,,0.38058037,false,0.0
HPK3I69,original,0.6,,0.38058037,false,0.0
HPK3I69,original,0.8,,0.38058037,false,0.0
HPK3I69,grayscale,0.0,HPK3169,0.50502235,false,0.85714287
HPK3I69,grayscale,0.2,HPK3169,0.50502235,false,0.85714287
HPK3I69,grayscale,0.4,HPK3169,0.50502235,false,0.85714287
HPK3I69,grayscale,0.6,,0.50502235,false,0.0
HPK3I69,grayscale,0.8,,0.50502235,false,0.0
HPK3I69,inverted,0.0,HPK3469,0.5876116,false,0.85714287
HPK3I69,inverted,0.2,HPK3469,0.5876116,false,0.85714287
HPK3I69,inverted,0.4,HPK3469,0.5876116,false,0.85714287
HPK3I69,inverted,0.6,,0.5876116,false,0.0
HPK3I69,inverted,0.8,,0.5876116,false,0.0
HPK3I69,adaptive,0.0,,1.0,false,0.0
HPK3I69,adaptive,0.2,,1.0,false,0.0
HPK3I69,adaptive,0.4,,1.0,false,0.0
HPK3I69,adaptive,0.6,,1.0,false,0.0
HPK3I69,adaptive,0.8,,1.0,false,0.0
HPK3I69,bilateral,0.0,HPK3169,0.36160713,false,0.85714287
HPK3I69,bilateral,0.2,HPK3169,0.36160713,false,0.85714287
HPK3I69,bilateral,0.4,,0.36160713,false,0.0
HPK3I69,bilateral,0.6,,0.36160713,false,0.0
HPK3I69,bilateral,0.8,,0.36160713,false,0.0
HPK3I69,otsu,0.0,,1.0,false,0.0
HPK3I69,otsu,0.2,,1.0,false,0.0
HPK3I69,otsu,0.4,,1.0,false,0.0
HPK3I69,otsu,0.6,,1.0,false,0.0
HPK3I69,otsu,0.8,,1.0,false,0.0
HPK3I69,resized2x,0.0,HPK3165,0.46372768,false,0.71428573
HPK3I69,resized2x,0.2,HPK3165,0.46372768,false,0.71428573
HPK3I69,resized2x,0.4,HPK3165,0.46372768,false,0.71428573
HPK3I69,resized2x,0.6,,0.46372768,false,0.0
HPK3I69,resized2x,0.8,,0.46372768,false,0.0
HPK3I69,sharpened,0.0,HPKSI6,0.40039062,false,0.71428573
HPK3I69,sharpened,0.2,HPKSI6,0.40039062,false,0.71428573
HPK3I69,sharpened,0.4,HPKSI6,0.40039062,false,0.71428573
HPK3I69,sharpened,0.6,,0.40039062,false,0.0
HPK3I69,sharpened,0.8,,0.40039062,false,0.0
KOO7583,original,0.0,KAOS077,0.46930805,false,0.2857143
KOO7583,original,0.2,KAOS077,0.46930805,false,0.2857143
KOO7583,original,0.4,KAOS077,0.46930805,false,0.2857143
KOO7583,original,0.6,,0.46930805,false,0.0
KOO7583,original,0.8,,0.46930805,false,0.0
KOO7583,grayscale,0.0,KOO6072,0.38058037,false,0.42857143
KOO7583,grayscale,0.2,KOO6072,0.38058037,false,0.42857143
KOO7583,grayscale,0.4,,0.38058037,false,0.0
KOO7583,grayscale,0.6,,0.38058037,false,0.0
KOO7583,grayscale,0.8,,0.38058037,false,0.0
KOO7583,inverted,0.0,KOOS077,0.35825893,false,0.42857143
KOO7583,inverted,0.2,KOOS077,0.35825893,false,0.42857143
KOO7583,inverted,0.4,,0.35825893,false,0.0
KOO7583,inverted,0.6,,0.35825893,false,0.0
KOO7583,inverted,0.8,,0.35825893,false,0.0
KOO7583,adaptive,0.0,RODAO77,0.2700893,false,0.14285715
KOO7583,adaptive,0.2,RODAO77,0.2700893,false,0.14285715
KOO7583,adaptive,0.4,,0.2700893,false,0.0
KOO7583,adaptive,0.6,,0.2700893,false,0.0
KOO7583,adaptive,0.8,,0.2700893,false,0.0
KOO7583,bilateral,0.0,,1.0,false,0.0
KOO7583,bilateral,0.2,,1.0,false,0.0
KOO7583,bilateral,0.4,,1.0,false,0.0
KOO7583,bilateral,0.6,,1.0,false,0.0
KOO7583,bilateral,0.8,,1.0,false,0.0
KOO7583,otsu,0.0,,1.0,false,0.0
KOO7583,otsu,0.2,,1.0,false,0.0
KOO7583,otsu,0.4,,1.0,false,0.0
KOO7583,otsu,0.6,,1.0,false,0.0
KOO7583,otsu,0.8,,1.0,false,0.0
KOO7583,resized2x,0.0,,1.0,false,0.0
KOO7583,resized2x,0.2,,1.0,false,0.0
KOO7583,resized2x,0.4,,1.0,false,0.0
KOO7583,resized2x,0.6,,1.0,false,0.0
KOO7583,resized2x,0.8,,1.0,false,0.0
KOO7583,sharpened,0.0,KAOB077,0.38392857,false,0.2857143
KOO7583,sharpened,0.2,KAOB077,0.38392857,false,0.2857143
KOO7583,sharpened,0.4,,0.38392857,false,0.0
KOO7583,sharpened,0.6,,0.38392857,false,0.0
KOO7583,sharpened,0.8,,0.38392857,false,0.0
KOO7583,original,0.0,KOD7593,0.31752232,false,0.71428573
KOO7583,original,0.2,KOD7593,0.31752232,false,0.71428573
KOO7583,original,0.4,,0.31752232,false,0.0
KOO7583,original,0.6,,0.31752232,false,0.0
KOO7583,original,0.8,,0.31752232,false,0.0
KOO7583,grayscale,0.0,,1.0,false,0.0
KOO7583,grayscale,0.2,,1.0,false,0.0
KOO7583,grayscale,0.4,,1.0,false,0.0
KOO7583,grayscale,0.6,,1.0,false,0.0
KOO7583,grayscale,0.8,,1.0,false,0.0
KOO7583,inverted,0.0,,1.0,false,0.0
KOO7583,inverted,0.2,,1.0,false,0.0
KOO7583,inverted,0.4,,1.0,false,0.0
KOO7583,inverted,0.6,,1.0,false,0.0
KOO7583,inverted,0.8,,1.0,false,0.0
KOO7583,adaptive,0.0,KOPISP,0.25634766,false,0.2857143
KOO7583,adaptive,0.2,KOPISP,0.25634766,false,0.2857143
KOO7583,adaptive,0.4,,0.25634766,false,0.0
KOO7583,adaptive,0.6,,0.25634766,false,0.0
KOO7583,adaptive,0.8,,0.25634766,false,0.0
KOO7583,bilateral,0.0,,1.0,false,0.0
KOO7583,bilateral,0.2,,1.0,false,0.0
KOO7583,bilateral,0.4,,1.0,false,0.0
KOO7583,bilateral,0.6,,1.0,false,0.0
KOO7583,bilateral,0.8,,1.0,false,0.0
KOO7583,otsu,0.0,0,0.38671875,false,0.0
KOO7583,otsu,0.2,0,0.38671875,false,0.0
KOO7583,otsu,0.4,,0.38671875,false,0.0
KOO7583,otsu,0.6,,0.38671875,false,0.0
KOO7583,otsu,0.8,,0.38671875,false,0.0
KOO7583,resized2x,0.0,KOD7EG3,0.34988838,false,0.5714286
KOO7583,resized2x,0.2,KOD7EG3,0.34988838,false,0.5714286
KOO7583,resized2x,0.4,,0.34988838,false,0.0
KOO7583,resized2x,0.6,,0.34988838,false,0.0
KOO7583,resized2x,0.8,,0.34988838,false,0.0
KOO7583,sharpened,0.0,,1.0,false,0.0
KOO7583,sharpened,0.2,,1.0,false,0.0
KOO7583,sharpened,0.4,,1.0,false,0.0
KOO7583,sharpened,0.6,,1.0,false,0.0
KOO7583,sharpened,0.8,,1.0,false,0.0
KRQ9335,original,0.0,RRO9536,0.61376953,false,0.42857143
KRQ9335,original,0.2,RRO9536,0.61376953,false,0.42857143
KRQ9335,original,0.4,RRO9536,0.61376953,false,0.42857143
KRQ9335,original,0.6,RRO9536,0.61376953,false,0.42857143
KRQ9335,original,0.8,,0.61376953,false,0.0
KRQ9335,grayscale,0.0,KRO9536,0.5703125,false,0.5714286
KRQ9335,grayscale,0.2,KRO9536,0.5703125,false,0.5714286
KRQ9335,grayscale,0.4,KRO9536,0.5703125,false,0.5714286
KRQ9335,grayscale,0.6,,0.5703125,false,0.0
KRQ9335,grayscale,0.8,,0.5703125,false,0.0
KRQ9335,inverted,0.0,KRO9536,0.60839844,false,0.5714286
KRQ9335,inverted,0.2,KRO9536,0.60839844,false,0.5714286
KRQ9335,inverted,0.4,KRO9536,0.60839844,false,0.5714286
KRQ9335,inverted,0.6,KRO9536,0.60839844,false,0.5714286
KRQ9335,inverted,0.8,,0.60839844,false,0.0
KRQ9335,adaptive,0.0,KRO9536,0.546875,false,0.5714286
KRQ9335,adaptive,0.2,KRO9536,0.546875,false,0.5714286
KRQ9335,adaptive,0.4,KRO9536,0.546875,false,0.5714286
KRQ9335,adaptive,0.6,,0.546875,false,0.0
KRQ9335,adaptive,0.8,,0.546875,false,0.0
KRQ9335,bilateral,0.0,KRO9536,0.7103795,false,0.5714286
KRQ9335,bilateral,0.2,KRO9536,0.7103795,false,0.5714286
KRQ9335,bilateral,0.4,KRO9536,0.7103795,false,0.5714286
KRQ9335,bilateral,0.6,KRO9536,0.7103795,false,0.5714286
KRQ9335,bilateral,0.8,,0.7103795,false,0.0
KRQ9335,otsu,0.0,,1.0,false,0.0
KRQ9335,otsu,0.2,,1.0,false,0.0
KRQ9335,otsu,0.4,,1.0,false,0.0
KRQ9335,otsu,0.6,,1.0,false,0.0
KRQ9335,otsu,0.8,,1.0,false,0.0
KRQ9335,resized2x,0.0,KRO9536,0.60058594,false,0.5714286
KRQ9335,resized2x,0.2,KRO9536,0.60058594,false,0.5714286
KRQ9335,resized2x,0.4,KRO9536,0.60058594,false,0.5714286
KRQ9335,resized2x,0.6,KRO9536,0.60058594,false,0.5714286
KRQ9335,resized2x,0.8,,0.60058594,false,0.0
KRQ9335,sharpened,0.0,RRO9536,0.51220703,false,0.42857143
KRQ9335,sharpened,0.2,RRO9536,0.51220703,false,0.42857143
KRQ9335,sharpened,0.4,RRO9536,0.51220703,false,0.42857143
KRQ9335,sharpened,0.6,,0.51220703,false,0.0
KRQ9335,sharpened,0.8,,0.51220703,false,0.0
KRQ9536,original,0.0,KXV9A97,0.45145088,false,0.2857143
KRQ9536,original,0.2,KXV9A97,0.45145088,false,0.2857143
KRQ9536,original,0.4,KXV9A97,0.45145088,false,0.2857143
KRQ9536,original,0.6,,0.45145088,false,0.0
KRQ9536,original,0.8,,0.45145088,false,0.0
KRQ9536,grayscale,0.0,KXV9897,0.51227677,false,0.2857143
KRQ9536,grayscale,0.2,KXV9897,0.51227677,false,0.2857143
KRQ9536,grayscale,0.4,KXV9897,0.51227677,false,0.2857143
KRQ9536,grayscale,0.6,,0.51227677,false,0.0
KRQ9536,grayscale,0.8,,0.51227677,false,0.0
KRQ9536,inverted,0.0,KXV9897,0.54185265,false,0.2857143
KRQ9536,inverted,0.2,KXV9897,0.54185265,false,0.2857143
KRQ9536,inverted,0.4,KXV9897,0.54185265,false,0.2857143
KRQ9536,inverted,0.6,,0.54185265,false,0.0
KRQ9536,inverted,0.8,,0.54185265,false,0.0
KRQ9536,adaptive,0.0,L6E5,0.35351562,false,0.0
KRQ9536,adaptive,0.2,L6E5,0.35351562,false,0.0
KRQ9536,adaptive,0.4,,0.35351562,false,0.0
KRQ9536,adaptive,0.6,,0.35351562,false,0.0
KRQ9536,adaptive,0.8,,0.35351562,false,0.0
KRQ9536,bilateral,0.0,L685AXY,0.35100445,false,0.0
KRQ9536,bilateral,0.2,L685AXY,0.35100445,false,0.0
KRQ9536,bilateral,0.4,,0.35100445,false,0.0
KRQ9536,bilateral,0.6,,0.35100445,false,0.0
KRQ9536,bilateral,0.8,,0.35100445,false,0.0
KRQ9536,otsu,0.0,,1.0,false,0.0
KRQ9536,otsu,0.2,,1.0,false,0.0
KRQ9536,otsu,0.4,,1.0,false,0.0
KRQ9536,otsu,0.6,,1.0,false,0.0
KRQ9536,otsu,0.8,,1.0,false,0.0
KRQ9536,resized2x,0.0,KXV9G97,0.43973213,false,0.2857143
KRQ9536,resized2x,0.2,KXV9G97,0.43973213,false,0.2857143
KRQ9536,resized2x,0.4,KXV9G97,0.43973213,false,0.2857143
KRQ9536,resized2x,0.6,,0.43973213,false,0.0
KRQ9536,resized2x,0.8,,0.43973213,false,0.0
KRQ9536,sharpened,0.0,KXV9897,0.49888393,false,0.2857143
KRQ9536,sharpened,0.2,KXV9897,0.49888393,false,0.2857143
KRQ9536,sharpened,0.4,KXV9897,0.49888393,false,0.2857143
KRQ9536,sharpened,0.6,,0.49888393,false,0.0
KRQ9536,sharpened,0.8,,0.49888393,false,0.0
KRQ9536,original,0.0,KXV9897,0.5407366,false,0.2857143
KRQ9536,original,0.2,KXV9897,0.5407366,false,0.2857143
KRQ9536,original,0.4,KXV9897,0.5407366,false,0.2857143
KRQ9536,original,0.6,,0.5407366,false,0.0
KRQ9536,original,0.8,,0.5407366,false,0.0
KRQ9536,grayscale,0.0,KXV9997,0.56584823,false,0.2857143
KRQ9536,grayscale,0.2,KXV9997,0.56584823,false,0.2857143
KRQ9536,grayscale,0.4,KXV9997,0.56584823,false,0.2857143
KRQ9536,grayscale,0.6,,0.56584823,false,0.0
KRQ9536,grayscale,0.8,,0.56584823,false,0.0
KRQ9536,inverted,0.0,KXV9897,0.58203125,false,0.2857143
KRQ9536,inverted,0.2,KXV9897,0.58203125,false,0.2857143
KRQ9536,inverted,0.4,KXV9897,0.58203125,false,0.2857143
KRQ9536,inverted,0.6,,0.58203125,false,0.0
KRQ9536,inverted,0.8,,0.58203125,false,0.0
KRQ9536,adaptive,0.0,9891,0.38085938,false,0.0
KRQ9536,adaptive,0.2,9891,0.38085938,false,0.0
KRQ9536,adaptive,0.4,,0.38085938,false,0.0
KRQ9536,adaptive,0.6,,0.38085938,false,0.0
KRQ9536,adaptive,0.8,,0.38085938,false,0.0
KRQ9536,bilateral,0.0,KXV9897,0.6266741,false,0.2857143
KRQ9536,bilateral,0.2,KXV9897,0.6266741,false,0.2857143
KRQ9536,bilateral,0.4,KXV9897,0.6266741,false,0.2857143
KRQ9536,bilateral,0.6,KXV9897,0.6266741,false,0.2857143
KRQ9536,bilateral,0.8,,0.6266741,false,0.0
KRQ9536,otsu,0.0,,1.0,false,0.0
KRQ9536,otsu,0.2,,1.0,false,0.0
KRQ9536,otsu,0.4,,1.0,false,0.0
KRQ9536,otsu,0.6,,1.0,false,0.0
KRQ9536,otsu,0.8,,1.0,false,0.0
KRQ9536,resized2x,0.0,KXV9897,0.57310265,false,0.2857143
KRQ9536,resized2x,0.2,KXV9897,0.57310265,false,0.2857143
KRQ9536,resized2x,0.4,KXV9897,0.57310265,false,0.2857143
KRQ9536,resized2x,0.6,,0.57310265,false,0.0
KRQ9536,resized2x,0.8,,0.57310265,false,0.0
KRQ9536,sharpened,0.0,KXV9E97,0.49162945,false,0.2857143
KRQ9536,sharpened,0.2,KXV9E97,0.49162945,false,0.2857143
KRQ9536,sharpened,0.4,KXV9E97,0.49162945,false,0.2857143
KRQ9536,sharpened,0.6,,0.49162945,false,0.0
KRQ9536,sharpened,0.8,,0.49162945,false,0.0
KRQ9536,original,0.0,RRO9536,0.61376953,false,0.71428573
KRQ9536,original,0.2,RRO9536,0.61376953,false,0.71428573
KRQ9536,original,0.4,RRO9536,0.61376953,false,0.71428573
KRQ9536,original,0.6,RRO9536,0.61376953,false,0.71428573
KRQ9536,original,0.8,,0.61376953,false,0.0
KRQ9536,grayscale,0.0,KRO9536,0.5703125,false,0.85714287
KRQ9536,grayscale,0.2,KRO9536,0.5703125,false,0.85714287
KRQ9536,grayscale,0.4,KRO9536,0.5703125,false,0.85714287
KRQ9536,grayscale,0.6,,0.5703125,false,0.0
KRQ9536,grayscale,0.8,,0.5703125,false,0.0
KRQ9536,inverted,0.0,KRO9536,0.60839844,false,0.85714287
KRQ9536,inverted,0.2,KRO9536,0.60839844,false,0.85714287
KRQ9536,inverted,0.4,KRO9536,0.60839844,false,0.85714287
KRQ9536,inverted,0.6,KRO9536,0.60839844,false,0.85714287
KRQ9536,inverted,0.8,,0.60839844,false,0.0
KRQ9536,adaptive,0.0,KRO9536,0.546875,false,0.85714287
KRQ9536,adaptive,0.2,KRO9536,0.546875,false,0.85714287
KRQ9536,adaptive,0.4,KRO9536,0.546875,false,0.85714287
KRQ9536,adaptive,0.6,,0.546875,false,0.0
KRQ9536,adaptive,0.8,,0.546875,false,0.0
KRQ9536,bilateral,0.0,KRO9536,0.7103795,false,0.85714287
KRQ9536,bilateral,0.2,KRO9536,0.7103795,false,0.85714287
KRQ9536,bilateral,0.4,KRO9536,0.7103795,false,0.85714287
KRQ9536,bilateral,0.6,KRO9536,0.7103795,false,0.85714287
KRQ9536,bilateral,0.8,,0.7103795,false,0.0
KRQ9536,otsu,0.0,,1.0,false,0.0
KRQ9536,otsu,0.2,,1.0,false,0.0
KRQ9536,otsu,0.4,,1.0,false,0.0
KRQ9536,otsu,0.6,,1.0,false,0.0
KRQ9536,otsu,0.8,,1.0,false,0.0
KRQ9536,resized2x,0.0,KRO9536,0.60058594,false,0.85714287
KRQ9536,resized2x,0.2,KRO9536,0.60058594,false,0.85714287
KRQ9536,resized2x,0.4,KRO9536,0.60058594,false,0.85714287
KRQ9536,resized2x,0.6,KRO9536,0.60058594,false,0.85714287
KRQ9536,resized2x,0.8,,0.60058594,false,0.0
KRQ9536,sharpened,0.0,RRO9536,0.51220703,false,0.71428573
KRQ9536,sharpened,0.2,RRO9536,0.51220703,false,0.71428573
KRQ9536,sharpened,0.4,RRO9536,0.51220703,false,0.71428573
KRQ9536,sharpened,0.6,,0.51220703,false,0.0
KRQ9536,sharpened,0.8,,0.51220703,false,0.0
KRQ9536,original,0.0,KXV9897,0.6171875,false,0.2857143
KRQ9536,original,0.2,KXV9897,0.6171875,false,0.2857143
KRQ9536,original,0.4,KXV9897,0.6171875,false,0.2857143
KRQ9536,original,0.6,KXV9897,0.6171875,false,0.2857143
KRQ9536,original,0.8,,0.6171875,false,0.0
KRQ9536,grayscale,0.0,KXV9897,0.5126953,false,0.2857143
KRQ9536,grayscale,0.2,KXV9897,0.5126953,false,0.2857143
KRQ9536,grayscale,0.4,KXV9897,0.5126953,false,0.2857143
KRQ9536,grayscale,0.6,,0.5126953,false,0.0
KRQ9536,grayscale,0.8,,0.5126953,false,0.0
KRQ9536,inverted,0.0,KXV98971,0.5800781,false,0.2857143
KRQ9536,inverted,0.2,KXV98971,0.5800781,false,0.2857143
KRQ9536,inverted,0.4,KXV98971,0.5800781,false,0.2857143
KRQ9536,inverted,0.6,,0.5800781,false,0.0
KRQ9536,inverted,0.8,,0.5800781,false,0.0
KRQ9536,adaptive,0.0,,1.0,false,0.0
KRQ9536,adaptive,0.2,,1.0,false,0.0
KRQ9536,adaptive,0.4,,1.0,false,0.0
KRQ9536,adaptive,0.6,,1.0,false,0.0
KRQ9536,adaptive,0.8,,1.0,false,0.0
KRQ9536,bilateral,0.0,KXV98971,0.5415039,false,0.2857143
KRQ9536,bilateral,0.2,KXV98971,0.5415039,false,0.2857143
KRQ9536,bilateral,0.4,KXV98971,0.5415039,false,0.2857143
KRQ9536,bilateral,0.6,,0.5415039,false,0.0
KRQ9536,bilateral,0.8,,0.5415039,false,0.0
KRQ9536,otsu,0.0,,1.0,false,0.0
KRQ9536,otsu,0.2,,1.0,false,0.0
KRQ9536,otsu,0.4,,1.0,false,0.0
KRQ9536,otsu,0.6,,1.0,false,0.0
KRQ9536,otsu,0.8,,1.0,false,0.0
KRQ9536,resized2x,0.0,KXV9897,0.6339286,false,0.2857143
KRQ9536,resized2x,0.2,KXV9897,0.6339286,false,0.2857143
KRQ9536,resized2x,0.4,KXV9897,0.6339286,false,0.2857143
KRQ9536,resized2x,0.6,KXV9897,0.6339286,false,0.2857143
KRQ9536,resized2x,0.8,,0.6339286,false,0.0
KRQ9536,sharpened,0.0,KYY9897,0.6183036,false,0.2857143
KRQ9536,sharpened,0.2,KYY9897,0.6183036,false,0.2857143
KRQ9536,sharpened,0.4,KYY9897,0.6183036,false,0.2857143
KRQ9536,sharpened,0.6,KYY9897,0.6183036,false,0.2857143
KRQ9536,sharpened,0.8,,0.6183036,false,0.0
KXV9887,original,0.0,KXV9A97,0.45145088,false,0.71428573
KXV9887,original,0.2,KXV9A97,0.45145088,false,0.71428573
KXV9887,original,0.4,KXV9A97,0.45145088,false,0.71428573
KXV9887,original,0.6,,0.45145088,false,0.0
KXV9887,original,0.8,,0.45145088,false,0.0
KXV9887,grayscale,0.0,KXV9897,0.51227677,false,0.85714287
KXV9887,grayscale,0.2,KXV9897,0.51227677,false,0.85714287
KXV9887,grayscale,0.4,KXV9897,0.51227677,false,0.85714287
KXV9887,grayscale,0.6,,0.51227677,false,0.0
KXV9887,grayscale,0.8,,0.51227677,false,0.0
KXV9887,inverted,0.0,KXV9897,0.54185265,false,0.85714287
KXV9887,inverted,0.2,KXV9897,0.54185265,false,0.85714287
KXV9887,inverted,0.4,KXV9897,0.54185265,false,0.85714287
KXV9887,inverted,0.6,,0.54185265,false,0.0
KXV9887,inverted,0.8,,0.54185265,false,0.0
KXV9887,adaptive,0.0,L6E5,0.35351562,false,0.0
KXV9887,adaptive,0.2,L6E5,0.35351562,false,0.0
KXV9887,adaptive,0.4,,0.35351562,false,0.0
KXV9887,adaptive,0.6,,0.35351562,false,0.0
KXV9887,adaptive,0.8,,0.35351562,false,0.0
KXV9887,bilateral,0.0,L685AXY,0.35100445,false,0.0
KXV9887,bilateral,0.2,L685AXY,0.35100445,false,0.0
KXV9887,bilateral,0.4,,0.35100445,false,0.0
KXV9887,bilateral,0.6,,0.35100445,false,0.0
KXV9887,bilateral,0.8,,0.35100445,false,0.0
KXV9887,otsu,0.0,,1.0,false,0.0
KXV9887,otsu,0.2,,1.0,false,0.0
KXV9887,otsu,0.4,,1.0,false,0.0
KXV9887,otsu,0.6,,1.0,false,0.0
KXV9887,otsu,0.8,,1.0,false,0.0
KXV9887,resized2x,0.0,KXV9G97,0.43973213,false,0.71428573
KXV9887,resized2x,0.2,KXV9G97,0.43973213,false,0.71428573
KXV9887,resized2x,0.4,KXV9G97,0.43973213,false,0.71428573
KXV9887,resized2x,0.6,,0.43973213,false,0.0
KXV9887,resized2x,0.8,,0.43973213,false,0.0
KXV9887,sharpened,0.0,KXV9897,0.49888393,false,0.85714287
KXV9887,sharpened,0.2,KXV9897,0.49888393,false,0.85714287
KXV9887,sharpened,0.4,KXV9897,0.49888393,false,0.85714287
KXV9887,sharpened,0.6,,0.49888393,false,0.0
KXV9887,sharpened,0.8,,0.49888393,false,0.0
KXV9897,original,0.0,KXV9897,0.5407366,true,1.0
KXV9897,original,0.2,KXV9897,0.5407366,true,1.0
KXV9897,original,0.4,KXV9897,0.5407366,true,1.0
KXV9897,original,0.6,,0.5407366,false,0.0
KXV9897,original,0.8,,0.5407366,false,0.0
KXV9897,grayscale,0.0,KXV9997,0.56584823,false,0.85714287
KXV9897,grayscale,0.2,KXV9997,0.56584823,false,0.85714287
KXV9897,grayscale,0.4,KXV9997,0.56584823,false,0.85714287
KXV9897,grayscale,0.6,,0.56584823,false,0.0
KXV9897,grayscale,0.8,,0.56584823,false,0.0
KXV9897,inverted,0.0,KXV9897,0.58203125,true,1.0
KXV9897,inverted,0.2,KXV9897,0.58203125,true,1.0
KXV9897,inverted,0.4,KXV9897,0.58203125,true,1.0
KXV9897,inverted,0.6,,0.58203125,false,0.0
KXV9897,inverted,0.8,,0.58203125,false,0.0
KXV9897,adaptive,0.0,9891,0.38085938,false,0.0
KXV9897,adaptive,0.2,9891,0.38085938,false,0.0
KXV9897,adaptive,0.4,,0.38085938,false,0.0
KXV9897,adaptive,0.6,,0.38085938,false,0.0
KXV9897,adaptive,0.8,,0.38085938,false,0.0
KXV9897,bilateral,0.0,KXV9897,0.6266741,true,1.0
KXV9897,bilateral,0.2,KXV9897,0.6266741,true,1.0
KXV9897,bilateral,0.4,KXV9897,0.6266741,true,1.0
KXV9897,bilateral,0.6,KXV9897,0.6266741,true,1.0
KXV9897,bilateral,0.8,,0.6266741,false,0.0
KXV9897,otsu,0.0,,1.0,false,0.0
KXV9897,otsu,0.2,,1.0,false,0.0
KXV9897,otsu,0.4,,1.0,false,0.0
KXV9897,otsu,0.6,,1.0,false,0.0
KXV9897,otsu,0.8,,1.0,false,0.0
KXV9897,resized2x,0.0,KXV9897,0.57310265,true,1.0
KXV9897,resized2x,0.2,KXV9897,0.57310265,true,1.0
KXV9897,resized2x,0.4,KXV9897,0.57310265,true,1.0
KXV9897,resized2x,0.6,,0.57310265,false,0.0
KXV9897,resized2x,0.8,,0.57310265,false,0.0
KXV9897,sharpened,0.0,KXV9E97,0.49162945,false,0.85714287
KXV9897,sharpened,0.2,KXV9E97,0.49162945,false,0.85714287
KXV9897,sharpened,0.4,KXV9E97,0.49162945,false,0.85714287
KXV9897,sharpened,0.6,,0.49162945,false,0.0
KXV9897,sharpened,0.8,,0.49162945,false,0.0
KXV9897,original,0.0,KXV9897,0.6171875,true,1.0
KXV9897,original,0.2,KXV9897,0.6171875,true,1.0
KXV9897,original,0.4,KXV9897,0.6171875,true,1.0
KXV9897,original,0.6,KXV9897,0.6171875,true,1.0
KXV9897,original,0.8,,0.6171875,false,0.0
KXV9897,grayscale,0.0,KXV9897,0.5126953,true,1.0
KXV9897,grayscale,0.2,KXV9897,0.5126953,true,1.0
KXV9897,grayscale,0.4,KXV9897,0.5126953,true,1.0
KXV9897,grayscale,0.6,,0.5126953,false,0.0
KXV9897,grayscale,0.8,,0.5126953,false,0.0
KXV9897,inverted,0.0,KXV98971,0.5800781,false,1.0
KXV9897,inverted,0.2,KXV98971,0.5800781,false,1.0
KXV9897,inverted,0.4,KXV98971,0.5800781,false,1.0
KXV9897,inverted,0.6,,0.5800781,false,0.0
KXV9897,inverted,0.8,,0.5800781,false,0.0
KXV9897,adaptive,0.0,,1.0,false,0.0
KXV9897,adaptive,0.2,,1.0,false,0.0
KXV9897,adaptive,0.4,,1.0,false,0.0
KXV9897,adaptive,0.6,,1.0,false,0.0
KXV9897,adaptive,0.8,,1.0,false,0.0
KXV9897,bilateral,0.0,KXV98971,0.5415039,false,1.0
KXV9897,bilateral,0.2,KXV98971,0.5415039,false,1.0
KXV9897,bilateral,0.4,KXV98971,0.5415039,false,1.0
KXV9897,bilateral,0.6,,0.5415039,false,0.0
KXV9897,bilateral,0.8,,0.5415039,false,0.0
KXV9897,otsu,0.0,,1.0,false,0.0
KXV9897,otsu,0.2,,1.0,false,0.0
KXV9897,otsu,0.4,,1.0,false,0.0
KXV9897,otsu,0.6,,1.0,false,0.0
KXV9897,otsu,0.8,,1.0,false,0.0
KXV9897,resized2x,0.0,KXV9897,0.6339286,true,1.0
KXV9897,resized2x,0.2,KXV9897,0.6339286,true,1.0
KXV9897,resized2x,0.4,KXV9897,0.6339286,true,1.0
KXV9897,resized2x,0.6,KXV9897,0.6339286,true,1.0
KXV9897,resized2x,0.8,,0.6339286,false,0.0
KXV9897,sharpened,0.0,KYY9897,0.6183036,false,0.71428573
KXV9897,sharpened,0.2,KYY9897,0.6183036,false,0.71428573
KXV9897,sharpened,0.4,KYY9897,0.6183036,false,0.71428573
KXV9897,sharpened,0.6,KYY9897,0.6183036,false,0.71428573
KXV9897,sharpened,0.8,,0.6183036,false,0.0
KZF1307,original,0.0,KZF1307,0.58691406,true,1.0
KZF1307,original,0.2,KZF1307,0.58691406,true,1.0
KZF1307,original,0.4,KZF1307,0.58691406,true,1.0
KZF1307,original,0.6,,0.58691406,false,0.0
KZF1307,original,0.8,,0.58691406,false,0.0
KZF1307,grayscale,0.0,KZF1307,0.63916016,true,1.0
KZF1307,grayscale,0.2,KZF1307,0.63916016,true,1.0
KZF1307,grayscale,0.4,KZF1307,0.63916016,true,1.0
KZF1307,grayscale,0.6,KZF1307,0.63916016,true,1.0
KZF1307,grayscale,0.8,,0.63916016,false,0.0
KZF1307,inverted,0.0,KZF1307,0.54052734,true,1.0
KZF1307,inverted,0.2,KZF1307,0.54052734,true,1.0
KZF1307,inverted,0.4,KZF1307,0.54052734,true,1.0
KZF1307,inverted,0.6,,0.54052734,false,0.0
KZF1307,inverted,0.8,,0.54052734,false,0.0
KZF1307,adaptive,0.0,,1.0,false,0.0
KZF1307,adaptive,0.2,,1.0,false,0.0
KZF1307,adaptive,0.4,,1.0,false,0.0
KZF1307,adaptive,0.6,,1.0,false,0.0
KZF1307,adaptive,0.8,,1.0,false,0.0
KZF1307,bilateral,0.0,KZFI2307,0.578125,false,0.42857143
KZF1307,bilateral,0.2,KZFI2307,0.578125,false,0.42857143
KZF1307,bilateral,0.4,KZFI2307,0.578125,false,0.42857143
KZF1307,bilateral,0.6,,0.578125,false,0.0
KZF1307,bilateral,0.8,,0.578125,false,0.0
KZF1307,otsu,0.0,MZF1307,0.55970985,false,0.85714287
KZF1307,otsu,0.2,MZF1307,0.55970985,false,0.85714287
KZF1307,otsu,0.4,MZF1307,0.55970985,false,0.85714287
KZF1307,otsu,0.6,,0.55970985,false,0.0
KZF1307,otsu,0.8,,0.55970985,false,0.0
KZF1307,resized2x,0.0,KZF1307,0.68359375,true,1.0
KZF1307,resized2x,0.2,KZF1307,0.68359375,true,1.0
KZF1307,resized2x,0.4,KZF1307,0.68359375,true,1.0
KZF1307,resized2x,0.6,KZF1307,0.68359375,true,1.0
KZF1307,resized2x,0.8,,0.68359375,false,0.0
KZF1307,sharpened,0.0,KZF1307,0.56103516,true,1.0
KZF1307,sharpened,0.2,KZF1307,0.56103516,true,1.0
KZF1307,sharpened,0.4,KZF1307,0.56103516,true,1.0
KZF1307,sharpened,0.6,,0.56103516,false,0.0
KZF1307,sharpened,0.8,,0.56103516,false,0.0
KZF1307,original,0.0,KZF1307,0.51660156,true,1.0
KZF1307,original,0.2,KZF1307,0.51660156,true,1.0
KZF1307,original,0.4,KZF1307,0.51660156,true,1.0
KZF1307,original,0.6,,0.51660156,false,0.0
KZF1307,original,0.8,,0.51660156,false,0.0
KZF1307,grayscale,0.0,KZF1307,0.5457589,true,1.0
KZF1307,grayscale,0.2,KZF1307,0.5457589,true,1.0
KZF1307,grayscale,0.4,KZF1307,0.5457589,true,1.0
KZF1307,grayscale,0.6,,0.5457589,false,0.0
KZF1307,grayscale,0.8,,0.5457589,false,0.0
KZF1307,inverted,0.0,KZF13D7,0.4873047,false,0.85714287
KZF1307,inverted,0.2,KZF13D7,0.4873047,false,0.85714287
KZF1307,inverted,0.4,KZF13D7,0.4873047,false,0.85714287
KZF1307,inverted,0.6,,0.4873047,false,0.0
KZF1307,inverted,0.8,,0.4873047,false,0.0
KZF1307,adaptive,0.0,,1.0,false,0.0
KZF1307,adaptive,0.2,,1.0,false,0.0
KZF1307,adaptive,0.4,,1.0,false,0.0
KZF1307,adaptive,0.6,,1.0,false,0.0
KZF1307,adaptive,0.8,,1.0,false,0.0
KZF1307,bilateral,0.0,KZFI7,0.38867188,false,0.42857143
KZF1307,bilateral,0.2,KZFI7,0.38867188,false,0.42857143
KZF1307,bilateral,0.4,,0.38867188,false,0.0
KZF1307,bilateral,0.6,,0.38867188,false,0.0
KZF1307,bilateral,0.8,,0.38867188,false,0.0
KZF1307,otsu,0.0,,1.0,false,0.0
KZF1307,otsu,0.2,,1.0,false,0.0
KZF1307,otsu,0.4,,1.0,false,0.0
KZF1307,otsu,0.6,,1.0,false,0.0
KZF1307,otsu,0.8,,1.0,false,0.0
KZF1307,resized2x,0.0,KZF1307,0.5636161,true,1.0
KZF1307,resized2x,0.2,KZF1307,0.5636161,true,1.0
KZF1307,resized2x,0.4,KZF1307,0.5636161,true,1.0
KZF1307,resized2x,0.6,,0.5636161,false,0.0
KZF1307,resized2x,0.8,,0.5636161,false,0.0
KZF1307,sharpened,0.0,KZFI307,0.42020088,false,0.85714287
KZF1307,sharpened,0.2,KZFI307,0.42020088,false,0.85714287
KZF1307,sharpened,0.4,KZFI307,0.42020088,false,0.85714287
KZF1307,sharpened,0.6,,0.42020088,false,0.0
KZF1307,sharpened,0.8,,0.42020088,false,0.0
KZF1307,original,0.0,KZF1307,0.58691406,true,1.0
KZF1307,original,0.2,KZF1307,0.58691406,true,1.0
KZF1307,original,0.4,KZF1307,0.58691406,true,1.0
KZF1307,original,0.6,,0.58691406,false,0.0
KZF1307,original,0.8,,0.58691406,false,0.0
KZF1307,grayscale,0.0,KZF1307,0.63916016,true,1.0
KZF1307,grayscale,0.2,KZF1307,0.63916016,true,1.0
KZF1307,grayscale,0.4,KZF1307,0.63916016,true,1.0
KZF1307,grayscale,0.6,KZF1307,0.63916016,true,1.0
KZF1307,grayscale,0.8,,0.63916016,false,0.0
KZF1307,inverted,0.0,KZF1307,0.54052734,true,1.0
KZF1307,inverted,0.2,KZF1307,0.54052734,true,1.0
KZF1307,inverted,0.4,KZF1307,0.54052734,true,1.0
KZF1307,inverted,0.6,,0.54052734,false,0.0
KZF1307,inverted,0.8,,0.54052734,false,0.0
KZF1307,adaptive,0.0,,1.0,false,0.0
KZF1307,adaptive,0.2,,1.0,false,0.0
KZF1307,adaptive,0.4,,1.0,false,0.0
KZF1307,adaptive,0.6,,1.0,false,0.0
KZF1307,adaptive,0.8,,1.0,false,0.0
KZF1307,bilateral,0.0,KZFI2307,0.578125,false,0.42857143
KZF1307,bilateral,0.2,KZFI2307,0.578125,false,0.42857143
KZF1307,bilateral,0.4,KZFI2307,0.578125,false,0.42857143
KZF1307,bilateral,0.6,,0.578125,false,0.0
KZF1307,bilateral,0.8,,0.578125,false,0.0
KZF1307,otsu,0.0,MZF1307,0.55970985,false,0.85714287
KZF1307,otsu,0.2,MZF1307,0.55970985,false,0.85714287
KZF1307,otsu,0.4,MZF1307,0.55970985,false,0.85714287
KZF1307,otsu,0.6,,0.55970985,false,0.0
KZF1307,otsu,0.8,,0.55970985,false,0.0
KZF1307,resized2x,0.0,KZF1307,0.68359375,true,1.0
KZF1307,resized2x,0.2,KZF1307,0.68359375,true,1.0
KZF1307,resized2x,0.4,KZF1307,0.68359375,true,1.0
KZF1307,resized2x,0.6,KZF1307,0.68359375,true,1.0
KZF1307,resized2x,0.8,,0.68359375,false,0.0
KZF1307,sharpened,0.0,KZF1307,0.56103516,true,1.0
KZF1307,sharpened,0.2,KZF1307,0.56103516,true,1.0
KZF1307,sharpened,0.4,KZF1307,0.56103516,true,1.0
KZF1307,sharpened,0.6,,0.56103516,false,0.0
KZF1307,sharpened,0.8,,0.56103516,false,0.0
KZF1307,original,0.0,KZF1307,0.51660156,true,1.0
KZF1307,original,0.2,KZF1307,0.51660156,true,1.0
KZF1307,original,0.4,KZF1307,0.51660156,true,1.0
KZF1307,original,0.6,,0.51660156,false,0.0
KZF1307,original,0.8,,0.51660156,false,0.0
KZF1307,grayscale,0.0,KZF1307,0.5457589,true,1.0
KZF1307,grayscale,0.2,KZF1307,0.5457589,true,1.0
KZF1307,grayscale,0.4,KZF1307,0.5457589,true,1.0
KZF1307,grayscale,0.6,,0.5457589,false,0.0
KZF1307,grayscale,0.8,,0.5457589,false,0.0
KZF1307,inverted,0.0,KZF13D7,0.4873047,false,0.85714287
KZF1307,inverted,0.2,KZF13D7,0.4873047,false,0.85714287
KZF1307,inverted,0.4,KZF13D7,0.4873047,false,0.85714287
KZF1307,inverted,0.6,,0.4873047,false,0.0
KZF1307,inverted,0.8,,0.4873047,false,0.0
KZF1307,adaptive,0.0,,1.0,false,0.0
KZF1307,adaptive,0.2,,1.0,false,0.0
KZF1307,adaptive,0.4,,1.0,false,0.0
KZF1307,adaptive,0.6,,1.0,false,0.0
KZF1307,adaptive,0.8,,1.0,false,0.0
KZF1307,bilateral,0.0,KZFI7,0.38867188,false,0.42857143
KZF1307,bilateral,0.2,KZFI7,0.38867188,false,0.42857143
KZF1307,bilateral,0.4,,0.38867188,false,0.0
KZF1307,bilateral,0.6,,0.38867188,false,0.0
KZF1307,bilateral,0.8,,0.38867188,false,0.0
KZF1307,otsu,0.0,,1.0,false,0.0
KZF1307,otsu,0.2,,1.0,false,0.0
KZF1307,otsu,0.4,,1.0,false,0.0
KZF1307,otsu,0.6,,1.0,false,0.0
KZF1307,otsu,0.8,,1.0,false,0.0
KZF1307,resized2x,0.0,KZF1307,0.5636161,true,1.0
KZF1307,resized2x,0.2,KZF1307,0.5636161,true,1.0
KZF1307,resized2x,0.4,KZF1307,0.5636161,true,1.0
KZF1307,resized2x,0.6,,0.5636161,false,0.0
KZF1307,resized2x,0.8,,0.5636161,false,0.0
KZF1307,sharpened,0.0,KZFI307,0.42020088,false,0.85714287
KZF1307,sharpened,0.2,KZFI307,0.42020088,false,0.85714287
KZF1307,sharpened,0.4,KZFI307,0.42020088,false,0.85714287
KZF1307,sharpened,0.6,,0.42020088,false,0.0
KZF1307,sharpened,0.8,,0.42020088,false,0.0
LMR3G59,original,0.0,LMIZG59,0.3560268,false,0.71428573
LMR3G59,original,0.2,LMIZG59,0.3560268,false,0.71428573
LMR3G59,original,0.4,,0.3560268,false,0.0
LMR3G59,original,0.6,,0.3560268,false,0.0
LMR3G59,original,0.8,,0.3560268,false,0.0
LMR3G59,grayscale,0.0,LMIZG59,0.34486607,false,0.71428573
LMR3G59,grayscale,0.2,LMIZG59,0.34486607,false,0.71428573
LMR3G59,grayscale,0.4,,0.34486607,false,0.0
LMR3G59,grayscale,0.6,,0.34486607,false,0.0
LMR3G59,grayscale,0.8,,0.34486607,false,0.0
LMR3G59,inverted,0.0,LMILZG59,0.35742188,false,0.2857143
LMR3G59,inverted,0.2,LMILZG59,0.35742188,false,0.2857143
LMR3G59,inverted,0.4,,0.35742188,false,0.0
LMR3G59,inverted,0.6,,0.35742188,false,0.0
LMR3G59,inverted,0.8,,0.35742188,false,0.0
LMR3G59,adaptive,0.0,,1.0,false,0.0
LMR3G59,adaptive,0.2,,1.0,false,0.0
LMR3G59,adaptive,0.4,,1.0,false,0.0
LMR3G59,adaptive,0.6,,1.0,false,0.0
LMR3G59,adaptive,0.8,,1.0,false,0.0
LMR3G59,bilateral,0.0,LMRZG59,0.34430805,false,0.85714287
LMR3G59,bilateral,0.2,LMRZG59,0.34430805,false,0.85714287
LMR3G59,bilateral,0.4,,0.34430805,false,0.0
LMR3G59,bilateral,0.6,,0.34430805,false,0.0
LMR3G59,bilateral,0.8,,0.34430805,false,0.0
LMR3G59,otsu,0.0,,1.0,false,0.0
LMR3G59,otsu,0.2,,1.0,false,0.0
LMR3G59,otsu,0.4,,1.0,false,0.0
LMR3G59,otsu,0.6,,1.0,false,0.0
LMR3G59,otsu,0.8,,1.0,false,0.0
LMR3G59,resized2x,0.0,LMIZG59,0.36328125,false,0.71428573
LMR3G59,resized2x,0.2,LMIZG59,0.36328125,false,0.71428573
LMR3G59,resized2x,0.4,,0.36328125,false,0.0
LMR3G59,resized2x,0.6,,0.36328125,false,0.0
LMR3G59,resized2x,0.8,,0.36328125,false,0.0
LMR3G59,sharpened,0.0,LMRZG5,0.34765625,false,0.71428573
LMR3G59,sharpened,0.2,LMRZG5,0.34765625,false,0.71428573
LMR3G59,sharpened,0.4,,0.34765625,false,0.0
LMR3G59,sharpened,0.6,,0.34765625,false,0.0
LMR3G59,sharpened,0.8,,0.34765625,false,0.0
LMR3G59,original,0.0,LMR3G59,0.67578125,true,1.0
LMR3G59,original,0.2,LMR3G59,0.67578125,true,1.0
LMR3G59,original,0.4,LMR3G59,0.67578125,true,1.0
LMR3G59,original,0.6,LMR3G59,0.67578125,true,1.0
LMR3G59,original,0.8,,0.67578125,false,0.0
LMR3G59,grayscale,0.0,LMR3G59,0.63504463,true,1.0
LMR3G59,grayscale,0.2,LMR3G59,0.63504463,true,1.0
LMR3G59,grayscale,0.4,LMR3G59,0.63504463,true,1.0
LMR3G59,grayscale,0.6,LMR3G59,0.63504463,true,1.0
LMR3G59,grayscale,0.8,,0.63504463,false,0.0
LMR3G59,inverted,0.0,LMR3G59,0.6941964,true,1.0
LMR3G59,inverted,0.2,LMR3G59,0.6941964,true,1.0
LMR3G59,inverted,0.4,LMR3G59,0.6941964,true,1.0
LMR3G59,inverted,0.6,LMR3G59,0.6941964,true,1.0
LMR3G59,inverted,0.8,,0.6941964,false,0.0
LMR3G59,adaptive,0.0,EHR3G59,0.44189453,false,0.71428573
LMR3G59,adaptive,0.2,EHR3G59,0.44189453,false,0.71428573
LMR3G59,adaptive,0.4,EHR3G59,0.44189453,false,0.71428573
LMR3G59,adaptive,0.6,,0.44189453,false,0.0
LMR3G59,adaptive,0.8,,0.44189453,false,0.0
LMR3G59,bilateral,0.0,LMR3G59,0.69029015,true,1.0
LMR3G59,bilateral,0.2,LMR3G59,0.69029015,true,1.0
LMR3G59,bilateral,0.4,LMR3G59,0.69029015,true,1.0
LMR3G59,bilateral,0.6,LMR3G59,0.69029015,true,1.0
LMR3G59,bilateral,0.8,,0.69029015,false,0.0
LMR3G59,otsu,0.0,LMR3659,0.48995537,false,0.85714287
LMR3G59,otsu,0.2,LMR3659,0.48995537,false,0.85714287
LMR3G59,otsu,0.4,LMR3659,0.48995537,false,0.85714287
LMR3G59,otsu,0.6,,0.48995537,false,0.0
LMR3G59,otsu,0.8,,0.48995537,false,0.0
LMR3G59,resized2x,0.0,LMR3G59,0.67633927,true,1.0
LMR3G59,resized2x,0.2,LMR3G59,0.67633927,true,1.0
LMR3G59,resized2x,0.4,LMR3G59,0.67633927,true,1.0
LMR3G59,resized2x,0.6,LMR3G59,0.67633927,true,1.0
LMR3G59,resized2x,0.8,,0.67633927,false,0.0
LMR3G59,sharpened,0.0,LMR3G59,0.61272323,true,1.0
LMR3G59,sharpened,0.2,LMR3G59,0.61272323,true,1.0
LMR3G59,sharpened,0.4,LMR3G59,0.61272323,true,1.0
LMR3G59,sharpened,0.6,LMR3G59,0.61272323,true,1.0
LMR3G59,sharpened,0.8,,0.61272323,false,0.0
LMR3G59,original,0.0,LMR3G59,0.76116073,true,1.0
LMR3G59,original,0.2,LMR3G59,0.76116073,true,1.0
LMR3G59,original,0.4,LMR3G59,0.76116073,true,1.0
LMR3G59,original,0.6,LMR3G59,0.76116073,true,1.0
LMR3G59,original,0.8,,0.76116073,false,0.0
LMR3G59,grayscale,0.0,LMR3G59,0.71484375,true,1.0
LMR3G59,grayscale,0.2,LMR3G59,0.71484375,true,1.0
LMR3G59,grayscale,0.4,LMR3G59,0.71484375,true,1.0
LMR3G59,grayscale,0.6,LMR3G59,0.71484375,true,1.0
LMR3G59,grayscale,0.8,,0.71484375,false,0.0
LMR3G59,inverted,0.0,LMR3G59,0.75279015,true,1.0
LMR3G59,inverted,0.2,LMR3G59,0.75279015,true,1.0
LMR3G59,inverted,0.4,LMR3G59,0.75279015,true,1.0
LMR3G59,inverted,0.6,LMR3G59,0.75279015,true,1.0
LMR3G59,inverted,0.8,,0.75279015,false,0.0
LMR3G59,adaptive,0.0,LHR3E59,0.54185265,false,0.71428573
LMR3G59,adaptive,0.2,LHR3E59,0.54185265,false,0.71428573
LMR3G59,adaptive,0.4,LHR3E59,0.54185265,false,0.71428573
LMR3G59,adaptive,0.6,,0.54185265,false,0.0
LMR3G59,adaptive,0.8,,0.54185265,false,0.0
LMR3G59,bilateral,0.0,LHR3G59,0.6891741,false,0.85714287
LMR3G59,bilateral,0.2,LHR3G59,0.6891741,false,0.85714287
LMR3G59,bilateral,0.4,LHR3G59,0.6891741,false,0.85714287
LMR3G59,bilateral,0.6,LHR3G59,0.6891741,false,0.85714287
LMR3G59,bilateral,0.8,,0.6891741,false,0.0
LMR3G59,otsu,0.0,L3G59,0.66796875,false,0.14285715
LMR3G59,otsu,0.2,L3G59,0.66796875,false,0.14285715
LMR3G59,otsu,0.4,L3G59,0.66796875,false,0.14285715
LMR3G59,otsu,0.6,L3G59,0.66796875,false,0.14285715
LMR3G59,otsu,0.8,,0.66796875,false,0.0
LMR3G59,resized2x,0.0,LMR3G59,0.73716515,true,1.0
LMR3G59,resized2x,0.2,LMR3G59,0.73716515,true,1.0
LMR3G59,resized2x,0.4,LMR3G59,0.73716515,true,1.0
LMR3G59,resized2x,0.6,LMR3G59,0.73716515,true,1.0
LMR3G59,resized2x,0.8,,0.73716515,false,0.0
LMR3G59,sharpened,0.0,LMR3G59,0.64508927,true,1.0
LMR3G59,sharpened,0.2,LMR3G59,0.64508927,true,1.0
LMR3G59,sharpened,0.4,LMR3G59,0.64508927,true,1.0
LMR3G59,sharpened,0.6,LMR3G59,0.64508927,true,1.0
LMR3G59,sharpened,0.8,,0.64508927,false,0.0
LTJ1551,original,0.0,LTS1551,0.44587055,false,0.85714287
LTJ1551,original,0.2,LTS1551,0.44587055,false,0.85714287
LTJ1551,original,0.4,LTS1551,0.44587055,false,0.85714287
LTJ1551,original,0.6,,0.44587055,false,0.0
LTJ1551,original,0.8,,0.44587055,false,0.0
LTJ1551,grayscale,0.0,LT1551,0.42122397,false,0.42857143
LTJ1551,grayscale,0.2,LT1551,0.42122397,false,0.42857143
LTJ1551,grayscale,0.4,LT1551,0.42122397,false,0.42857143
LTJ1551,grayscale,0.6,,0.42122397,false,0.0
LTJ1551,grayscale,0.8,,0.42122397,false,0.0
LTJ1551,inverted,0.0,LTJ1551,0.44140625,true,1.0
LTJ1551,inverted,0.2,LTJ1551,0.44140625,true,1.0
LTJ1551,inverted,0.4,LTJ1551,0.44140625,true,1.0
LTJ1551,inverted,0.6,,0.44140625,false,0.0
LTJ1551,inverted,0.8,,0.44140625,false,0.0
LTJ1551,adaptive,0.0,,1.0,false,0.0
LTJ1551,adaptive,0.2,,1.0,false,0.0
LTJ1551,adaptive,0.4,,1.0,false,0.0
LTJ1551,adaptive,0.6,,1.0,false,0.0
LTJ1551,adaptive,0.8,,1.0,false,0.0
LTJ1551,bilateral,0.0,LT1551,0.38671875,false,0.42857143
LTJ1551,bilateral,0.2,LT1551,0.38671875,false,0.42857143
LTJ1551,bilateral,0.4,,0.38671875,false,0.0
LTJ1551,bilateral,0.6,,0.38671875,false,0.0
LTJ1551,bilateral,0.8,,0.38671875,false,0.0
LTJ1551,otsu,0.0,,1.0,false,0.0
LTJ1551,otsu,0.2,,1.0,false,0.0
LTJ1551,otsu,0.4,,1.0,false,0.0
LTJ1551,otsu,0.6,,1.0,false,0.0
LTJ1551,otsu,0.8,,1.0,false,0.0
LTJ1551,resized2x,0.0,LT1551,0.41861978,false,0.42857143
LTJ1551,resized2x,0.2,LT1551,0.41861978,false,0.42857143
LTJ1551,resized2x,0.4,LT1551,0.41861978,false,0.42857143
LTJ1551,resized2x,0.6,,0.41861978,false,0.0
LTJ1551,resized2x,0.8,,0.41861978,false,0.0
LTJ1551,sharpened,0.0,LTS155I,0.45591518,false,0.71428573
LTJ1551,sharpened,0.2,LTS155I,0.45591518,false,0.71428573
LTJ1551,sharpened,0.4,LTS155I,0.45591518,false,0.71428573
LTJ1551,sharpened,0.6,,0.45591518,false,0.0
LTJ1551,sharpened,0.8,,0.45591518,false,0.0
LTJ1551,original,0.0,LTJ1551,0.51841515,true,1.0
LTJ1551,original,0.2,LTJ1551,0.51841515,true,1.0
LTJ1551,original,0.4,LTJ1551,0.51841515,true,1.0
LTJ1551,original,0.6,,0.51841515,false,0.0
LTJ1551,original,0.8,,0.51841515,false,0.0
LTJ1551,grayscale,0.0,LTI55I,0.5208333,false,0.42857143
LTJ1551,grayscale,0.2,LTI55I,0.5208333,false,0.42857143
LTJ1551,grayscale,0.4,LTI55I,0.5208333,false,0.42857143
LTJ1551,grayscale,0.6,,0.5208333,false,0.0
LTJ1551,grayscale,0.8,,0.5208333,false,0.0
LTJ1551,inverted,0.0,LTJ1551,0.55245537,true,1.0
LTJ1551,inverted,0.2,LTJ1551,0.55245537,true,1.0
LTJ1551,inverted,0.4,LTJ1551,0.55245537,true,1.0
LTJ1551,inverted,0.6,,0.55245537,false,0.0
LTJ1551,inverted,0.8,,0.55245537,false,0.0
LTJ1551,adaptive,0.0,LTSTES1,0.26729912,false,0.42857143
LTJ1551,adaptive,0.2,LTSTES1,0.26729912,false,0.42857143
LTJ1551,adaptive,0.4,,0.26729912,false,0.0
LTJ1551,adaptive,0.6,,0.26729912,false,0.0
LTJ1551,adaptive,0.8,,0.26729912,false,0.0
LTJ1551,bilateral,0.0,LTJ1551,0.484375,true,1.0
LTJ1551,bilateral,0.2,LTJ1551,0.484375,true,1.0
LTJ1551,bilateral,0.4,LTJ1551,0.484375,true,1.0
LTJ1551,bilateral,0.6,,0.484375,false,0.0
LTJ1551,bilateral,0.8,,0.484375,false,0.0
LTJ1551,otsu,0.0,LI55,0.34921876,false,0.14285715
LTJ1551,otsu,0.2,LI55,0.34921876,false,0.14285715
LTJ1551,otsu,0.4,,0.34921876,false,0.0
LTJ1551,otsu,0.6,,0.34921876,false,0.0
LTJ1551,otsu,0.8,,0.34921876,false,0.0
LTJ1551,resized2x,0.0,LTII55I,0.46875,false,0.5714286
LTJ1551,resized2x,0.2,LTII55I,0.46875,false,0.5714286
LTJ1551,resized2x,0.4,LTII55I,0.46875,false,0.5714286
LTJ1551,resized2x,0.6,,0.46875,false,0.0
LTJ1551,resized2x,0.8,,0.46875,false,0.0
LTJ1551,sharpened,0.0,LTI1551,0.48214287,false,0.85714287
LTJ1551,sharpened,0.2,LTI1551,0.48214287,false,0.85714287
LTJ1551,sharpened,0.4,LTI1551,0.48214287,false,0.85714287
LTJ1551,sharpened,0.6,,0.48214287,false,0.0
LTJ1551,sharpened,0.8,,0.48214287,false,0.0
LTJ1551,original,0.0,LTII55I,0.4296875,false,0.5714286
LTJ1551,original,0.2,LTII55I,0.4296875,false,0.5714286
LTJ1551,original,0.4,LTII55I,0.4296875,false,0.5714286
LTJ1551,original,0.6,,0.4296875,false,0.0
LTJ1551,original,0.8,,0.4296875,false,0.0
LTJ1551,grayscale,0.0,LTIT55I,0.44921875,false,0.5714286
LTJ1551,grayscale,0.2,LTIT55I,0.44921875,false,0.5714286
LTJ1551,grayscale,0.4,LTIT55I,0.44921875,false,0.5714286
LTJ1551,grayscale,0.6,,0.44921875,false,0.0
LTJ1551,grayscale,0.8,,0.44921875,false,0.0
LTJ1551,inverted,0.0,LTHI551,0.39620537,false,0.71428573
LTJ1551,inverted,0.2,LTHI551,0.39620537,false,0.71428573
LTJ1551,inverted,0.4,,0.39620537,false,0.0
LTJ1551,inverted,0.6,,0.39620537,false,0.0
LTJ1551,inverted,0.8,,0.39620537,false,0.0
LTJ1551,adaptive,0.0,,1.0,false,0.0
LTJ1551,adaptive,0.2,,1.0,false,0.0
LTJ1551,adaptive,0.4,,1.0,false,0.0
LTJ1551,adaptive,0.6,,1.0,false,0.0
LTJ1551,adaptive,0.8,,1.0,false,0.0
LTJ1551,bilateral,0.0,LTI55I,0.48177084,false,0.42857143
LTJ1551,bilateral,0.2,LTI55I,0.48177084,false,0.42857143
LTJ1551,bilateral,0.4,LTI55I,0.48177084,false,0.42857143
LTJ1551,bilateral,0.6,,0.48177084,false,0.0
LTJ1551,bilateral,0.8,,0.48177084,false,0.0
LTJ1551,otsu,0.0,,1.0,false,0.0
LTJ1551,otsu,0.2,,1.0,false,0.0
LTJ1551,otsu,0.4,,1.0,false,0.0
LTJ1551,otsu,0.6,,1.0,false,0.0
LTJ1551,otsu,0.8,,1.0,false,0.0
LTJ1551,resized2x,0.0,LTII55I,0.43024555,false,0.5714286
LTJ1551,resized2x,0.2,LTII55I,0.43024555,false,0.5714286
LTJ1551,resized2x,0.4,LTII55I,0.43024555,false,0.5714286
LTJ1551,resized2x,0.6,,0.43024555,false,0.0
LTJ1551,resized2x,0.8,,0.43024555,false,0.0
LTJ1551,sharpened,0.0,IS91T,0.27604166,false,0.14285715
LTJ1551,sharpened,0.2,IS91T,0.27604166,false,0.14285715
LTJ1551,sharpened,0.4,,0.27604166,false,0.0
LTJ1551,sharpened,0.6,,0.27604166,false,0.0
LTJ1551,sharpened,0.8,,0.27604166,false,0.0
QHU3E34,original,0.0,OHU3E34,0.5948661,false,0.85714287
QHU3E34,original,0.2,OHU3E34,0.5948661,false,0.85714287
QHU3E34,original,0.4,OHU3E34,0.5948661,false,0.85714287
QHU3E34,original,0.6,,0.5948661,false,0.0
QHU3E34,original,0.8,,0.5948661,false,0.0
QHU3E34,grayscale,0.0,OHU3E34,0.66127235,false,0.85714287
QHU3E34,grayscale,0.2,OHU3E34,0.66127235,false,0.85714287
QHU3E34,grayscale,0.4,OHU3E34,0.66127235,false,0.85714287
QHU3E34,grayscale,0.6,OHU3E34,0.66127235,false,0.85714287
QHU3E34,grayscale,0.8,,0.66127235,false,0.0
QHU3E34,inverted,0.0,OHUBE34,0.45256695,false,0.71428573
QHU3E34,inverted,0.2,OHUBE34,0.45256695,false,0.71428573
QHU3E34,inverted,0.4,OHUBE34,0.45256695,false,0.71428573
QHU3E34,inverted,0.6,,0.45256695,false,0.0
QHU3E34,inverted,0.8,,0.45256695,false,0.0
QHU3E34,adaptive,0.0,CHUSESE,0.31919643,false,0.42857143
QHU3E34,adaptive,0.2,CHUSESE,0.31919643,false,0.42857143
QHU3E34,adaptive,0.4,,0.31919643,false,0.0
QHU3E34,adaptive,0.6,,0.31919643,false,0.0
QHU3E34,adaptive,0.8,,0.31919643,false,0.0
QHU3E34,bilateral,0.0,OHU3E34,0.4888393,false,0.85714287
QHU3E34,bilateral,0.2,OHU3E34,0.4888393,false,0.85714287
QHU3E34,bilateral,0.4,OHU3E34,0.4888393,false,0.85714287
QHU3E34,bilateral,0.6,,0.4888393,false,0.0
QHU3E34,bilateral,0.8,,0.4888393,false,0.0
QHU3E34,otsu,0.0,,1.0,false,0.0
QHU3E34,otsu,0.2,,1.0,false,0.0
QHU3E34,otsu,0.4,,1.0,false,0.0
QHU3E34,otsu,0.6,,1.0,false,0.0
QHU3E34,otsu,0.8,,1.0,false,0.0
QHU3E34,resized2x,0.0,OHU3E34,0.63839287,false,0.85714287
QHU3E34,resized2x,0.2,OHU3E34,0.63839287,false,0.85714287
QHU3E34,resized2x,0.4,OHU3E34,0.63839287,false,0.85714287
QHU3E34,resized2x,0.6,OHU3E34,0.63839287,false,0.85714287
QHU3E34,resized2x,0.8,,0.63839287,false,0.0
QHU3E34,sharpened,0.0,OHU3E34,0.47600445,false,0.85714287
QHU3E34,sharpened,0.2,OHU3E34,0.47600445,false,0.85714287
QHU3E34,sharpened,0.4,OHU3E34,0.47600445,false,0.85714287
QHU3E34,sharpened,0.6,,0.47600445,false,0.0
QHU3E34,sharpened,0.8,,0.47600445,false,0.0
QPW9A06,original,0.0,,1.0,false,0.0
QPW9A06,original,0.2,,1.0,false,0.0
QPW9A06,original,0.4,,1.0,false,0.0
QPW9A06,original,0.6,,1.0,false,0.0
QPW9A06,original,0.8,,1.0,false,0.0
QPW9A06,grayscale,0.0,,1.0,false,0.0
QPW9A06,grayscale,0.2,,1.0,false,0.0
QPW9A06,grayscale,0.4,,1.0,false,0.0
QPW9A06,grayscale,0.6,,1.0,false,0.0
QPW9A06,grayscale,0.8,,1.0,false,0.0
QPW9A06,inverted,0.0,,1.0,false,0.0
QPW9A06,inverted,0.2,,1.0,false,0.0
QPW9A06,inverted,0.4,,1.0,false,0.0
QPW9A06,inverted,0.6,,1.0,false,0.0
QPW9A06,inverted,0.8,,1.0,false,0.0
QPW9A06,adaptive,0.0,,1.0,false,0.0
QPW9A06,adaptive,0.2,,1.0,false,0.0
QPW9A06,adaptive,0.4,,1.0,false,0.0
QPW9A06,adaptive,0.6,,1.0,false,0.0
QPW9A06,adaptive,0.8,,1.0,false,0.0
QPW9A06,bilateral,0.0,,1.0,false,0.0
QPW9A06,bilateral,0.2,,1.0,false,0.0
QPW9A06,bilateral,0.4,,1.0,false,0.0
QPW9A06,bilateral,0.6,,1.0,false,0.0
QPW9A06,bilateral,0.8,,1.0,false,0.0
QPW9A06,otsu,0.0,,1.0,false,0.0
QPW9A06,otsu,0.2,,1.0,false,0.0
QPW9A06,otsu,0.4,,1.0,false,0.0
QPW9A06,otsu,0.6,,1.0,false,0.0
QPW9A06,otsu,0.8,,1.0,false,0.0
QPW9A06,resized2x,0.0,,1.0,false,0.0
QPW9A06,resized2x,0.2,,1.0,false,0.0
QPW9A06,resized2x,0.4,,1.0,false,0.0
QPW9A06,resized2x,0.6,,1.0,false,0.0
QPW9A06,resized2x,0.8,,1.0,false,0.0
QPW9A06,sharpened,0.0,,1.0,false,0.0
QPW9A06,sharpened,0.2,,1.0,false,0.0
QPW9A06,sharpened,0.4,,1.0,false,0.0
QPW9A06,sharpened,0.6,,1.0,false,0.0
QPW9A06,sharpened,0.8,,1.0,false,0.0
QPW9A06,original,0.0,,1.0,false,0.0
QPW9A06,original,0.2,,1.0,false,0.0
QPW9A06,original,0.4,,1.0,false,0.0
QPW9A06,original,0.6,,1.0,false,0.0
QPW9A06,original,0.8,,1.0,false,0.0
QPW9A06,grayscale,0.0,,1.0,false,0.0
QPW9A06,grayscale,0.2,,1.0,false,0.0
QPW9A06,grayscale,0.4,,1.0,false,0.0
QPW9A06,grayscale,0.6,,1.0,false,0.0
QPW9A06,grayscale,0.8,,1.0,false,0.0
QPW9A06,inverted,0.0,,1.0,false,0.0
QPW9A06,inverted,0.2,,1.0,false,0.0
QPW9A06,inverted,0.4,,1.0,false,0.0
QPW9A06,inverted,0.6,,1.0,false,0.0
QPW9A06,inverted,0.8,,1.0,false,0.0
QPW9A06,adaptive,0.0,,1.0,false,0.0
QPW9A06,adaptive,0.2,,1.0,false,0.0
QPW9A06,adaptive,0.4,,1.0,false,0.0
QPW9A06,adaptive,0.6,,1.0,false,0.0
QPW9A06,adaptive,0.8,,1.0,false,0.0
QPW9A06,bilateral,0.0,,1.0,false,0.0
QPW9A06,bilateral,0.2,,1.0,false,0.0
QPW9A06,bilateral,0.4,,1.0,false,0.0
QPW9A06,bilateral,0.6,,1.0,false,0.0
QPW9A06,bilateral,0.8,,1.0,false,0.0
QPW9A06,otsu,0.0,,1.0,false,0.0
QPW9A06,otsu,0.2,,1.0,false,0.0
QPW9A06,otsu,0.4,,1.0,false,0.0
QPW9A06,otsu,0.6,,1.0,false,0.0
QPW9A06,otsu,0.8,,1.0,false,0.0
QPW9A06,resized2x,0.0,,1.0,false,0.0
QPW9A06,resized2x,0.2,,1.0,false,0.0
QPW9A06,resized2x,0.4,,1.0,false,0.0
QPW9A06,resized2x,0.6,,1.0,false,0.0
QPW9A06,resized2x,0.8,,1.0,false,0.0
QPW9A06,sharpened,0.0,,1.0,false,0.0
QPW9A06,sharpened,0.2,,1.0,false,0.0
QPW9A06,sharpened,0.4,,1.0,false,0.0
QPW9A06,sharpened,0.6,,1.0,false,0.0
QPW9A06,sharpened,0.8,,1.0,false,0.0
RIP1E56,original,0.0,952L41,0.42773438,false,0.0
RIP1E56,original,0.2,952L41,0.42773438,false,0.0
RIP1E56,original,0.4,952L41,0.42773438,false,0.0
RIP1E56,original,0.6,,0.42773438,false,0.0
RIP1E56,original,0.8,,0.42773438,false,0.0
RIP1E56,grayscale,0.0,957L41T,0.3002232,false,0.0
RIP1E56,grayscale,0.2,957L41T,0.3002232,false,0.0
RIP1E56,grayscale,0.4,,0.3002232,false,0.0
RIP1E56,grayscale,0.6,,0.3002232,false,0.0
RIP1E56,grayscale,0.8,,0.3002232,false,0.0
RIP1E56,inverted,0.0,M1P1E56,0.44810268,false,0.71428573
RIP1E56,inverted,0.2,M1P1E56,0.44810268,false,0.71428573
RIP1E56,inverted,0.4,M1P1E56,0.44810268,false,0.71428573
RIP1E56,inverted,0.6,,0.44810268,false,0.0
RIP1E56,inverted,0.8,,0.44810268,false,0.0
RIP1E56,adaptive,0.0,1P1E56,0.43359375,false,0.0
RIP1E56,adaptive,0.2,1P1E56,0.43359375,false,0.0
RIP1E56,adaptive,0.4,1P1E56,0.43359375,false,0.0
RIP1E56,adaptive,0.6,,0.43359375,false,0.0
RIP1E56,adaptive,0.8,,0.43359375,false,0.0
RIP1E56,bilateral,0.0,957L41,0.4140625,false,0.0
RIP1E56,bilateral,0.2,957L41,0.4140625,false,0.0
RIP1E56,bilateral,0.4,957L41,0.4140625,false,0.0
RIP1E56,bilateral,0.6,,0.4140625,false,0.0
RIP1E56,bilateral,0.8,,0.4140625,false,0.0
RIP1E56,otsu,0.0,,1.0,false,0.0
RIP1E56,otsu,0.2,,1.0,false,0.0
RIP1E56,otsu,0.4,,1.0,false,0.0
RIP1E56,otsu,0.6,,1.0,false,0.0
RIP1E56,otsu,0.8,,1.0,false,0.0
RIP1E56,resized2x,0.0,951L41T,0.36607143,false,0.0
RIP1E56,resized2x,0.2,951L41T,0.36607143,false,0.0
RIP1E56,resized2x,0.4,,0.36607143,false,0.0
RIP1E56,resized2x,0.6,,0.36607143,false,0.0
RIP1E56,resized2x,0.8,,0.36607143,false,0.0
RIP1E56,sharpened,0.0,RLP1E6,0.29101562,false,0.5714286
RIP1E56,sharpened,0.2,RLP1E6,0.29101562,false,0.5714286
RIP1E56,sharpened,0.4,,0.29101562,false,0.0
RIP1E56,sharpened,0.6,,0.29101562,false,0.0
RIP1E56,sharpened,0.8,,0.29101562,false,0.0
RIP1E56,original,0.0,IP1E56,0.5963542,false,0.0
RIP1E56,original,0.2,IP1E56,0.5963542,false,0.0
RIP1E56,original,0.4,IP1E56,0.5963542,false,0.0
RIP1E56,original,0.6,,0.5963542,false,0.0
RIP1E56,original,0.8,,0.5963542,false,0.0
RIP1E56,grayscale,0.0,1P1E56,0.57682294,false,0.0
RIP1E56,grayscale,0.2,1P1E56,0.57682294,false,0.0
RIP1E56,grayscale,0.4,1P1E56,0.57682294,false,0.0
RIP1E56,grayscale,0.6,,0.57682294,false,0.0
RIP1E56,grayscale,0.8,,0.57682294,false,0.0
RIP1E56,inverted,0.0,RIP1E56,0.59933037,true,1.0
RIP1E56,inverted,0.2,RIP1E56,0.59933037,true,1.0
RIP1E56,inverted,0.4,RIP1E56,0.59933037,true,1.0
RIP1E56,inverted,0.6,,0.59933037,false,0.0
RIP1E56,inverted,0.8,,0.59933037,false,0.0
RIP1E56,adaptive,0.0,IP1E56,0.4453125,false,0.0
RIP1E56,adaptive,0.2,IP1E56,0.4453125,false,0.0
RIP1E56,adaptive,0.4,IP1E56,0.4453125,false,0.0
RIP1E56,adaptive,0.6,,0.4453125,false,0.0
RIP1E56,adaptive,0.8,,0.4453125,false,0.0
RIP1E56,bilateral,0.0,RIP1E56,0.6344866,true,1.0
RIP1E56,bilateral,0.2,RIP1E56,0.6344866,true,1.0
RIP1E56,bilateral,0.4,RIP1E56,0.6344866,true,1.0
RIP1E56,bilateral,0.6,RIP1E56,0.6344866,true,1.0
RIP1E56,bilateral,0.8,,0.6344866,false,0.0
RIP1E56,otsu,0.0,RIP1E5,0.48111978,false,0.85714287
RIP1E56,otsu,0.2,RIP1E5,0.48111978,false,0.85714287
RIP1E56,otsu,0.4,RIP1E5,0.48111978,false,0.85714287
RIP1E56,otsu,0.6,,0.48111978,false,0.0
RIP1E56,otsu,0.8,,0.48111978,false,0.0
RIP1E56,resized2x,0.0,1P1E56,0.6223958,false,0.0
RIP1E56,resized2x,0.2,1P1E56,0.6223958,false,0.0
RIP1E56,resized2x,0.4,1P1E56,0.6223958,false,0.0
RIP1E56,resized2x,0.6,1P1E56,0.6223958,false,0.0
RIP1E56,resized2x,0.8,,0.6223958,false,0.0
RIP1E56,sharpened,0.0,RIP1E56,0.48158482,true,1.0
RIP1E56,sharpened,0.2,RIP1E56,0.48158482,true,1.0
RIP1E56,sharpened,0.4,RIP1E56,0.48158482,true,1.0
RIP1E56,sharpened,0.6,,0.48158482,false,0.0
RIP1E56,sharpened,0.8,,0.48158482,false,0.0
RJL1081,original,0.0,RJL1D81,0.56584823,false,0.85714287
RJL1081,original,0.2,RJL1D81,0.56584823,false,0.85714287
RJL1081,original,0.4,RJL1D81,0.56584823,false,0.85714287
RJL1081,original,0.6,,0.56584823,false,0.0
RJL1081,original,0.8,,0.56584823,false,0.0
RJL1081,grayscale,0.0,RJL1081,0.6579241,true,1.0
RJL1081,grayscale,0.2,RJL1081,0.6579241,true,1.0
RJL1081,grayscale,0.4,RJL1081,0.6579241,true,1.0
RJL1081,grayscale,0.6,RJL1081,0.6579241,true,1.0
RJL1081,grayscale,0.8,,0.6579241,false,0.0
RJL1081,inverted,0.0,RJL1D81,0.52120537,false,0.85714287
RJL1081,inverted,0.2,RJL1D81,0.52120537,false,0.85714287
RJL1081,inverted,0.4,RJL1D81,0.52120537,false,0.85714287
RJL1081,inverted,0.6,,0.52120537,false,0.0
RJL1081,inverted,0.8,,0.52120537,false,0.0
RJL1081,adaptive,0.0,RILID81,0.4720982,false,0.5714286
RJL1081,adaptive,0.2,RILID81,0.4720982,false,0.5714286
RJL1081,adaptive,0.4,RILID81,0.4720982,false,0.5714286
RJL1081,adaptive,0.6,,0.4720982,false,0.0
RJL1081,adaptive,0.8,,0.4720982,false,0.0
RJL1081,bilateral,0.0,RJL1D81,0.6166295,false,0.85714287
RJL1081,bilateral,0.2,RJL1D81,0.6166295,false,0.85714287
RJL1081,bilateral,0.4,RJL1D81,0.6166295,false,0.85714287
RJL1081,bilateral,0.6,RJL1D81,0.6166295,false,0.85714287
RJL1081,bilateral,0.8,,0.6166295,false,0.0
RJL1081,otsu,0.0,,1.0,false,0.0
RJL1081,otsu,0.2,,1.0,false,0.0
RJL1081,otsu,0.4,,1.0,false,0.0
RJL1081,otsu,0.6,,1.0,false,0.0
RJL1081,otsu,0.8,,1.0,false,0.0
RJL1081,resized2x,0.0,RJL1D81,0.58816963,false,0.85714287
RJL1081,resized2x,0.2,RJL1D81,0.58816963,false,0.85714287
RJL1081,resized2x,0.4,RJL1D81,0.58816963,false,0.85714287
RJL1081,resized2x,0.6,,0.58816963,false,0.0
RJL1081,resized2x,0.8,,0.58816963,false,0.0
RJL1081,sharpened,0.0,RJL1381,0.5563616,false,0.85714287
RJL1081,sharpened,0.2,RJL1381,0.5563616,false,0.85714287
RJL1081,sharpened,0.4,RJL1381,0.5563616,false,0.85714287
RJL1081,sharpened,0.6,,0.5563616,false,0.0
RJL1081,sharpened,0.8,,0.5563616,false,0.0
RJL1081,original,0.0,ROL1D81,0.54910713,false,0.71428573
RJL1081,original,0.2,ROL1D81,0.54910713,false,0.71428573
RJL1081,original,0.4,ROL1D81,0.54910713,false,0.71428573
RJL1081,original,0.6,,0.54910713,false,0.0
RJL1081,original,0.8,,0.54910713,false,0.0
RJL1081,grayscale,0.0,,1.0,false,0.0
RJL1081,grayscale,0.2,,1.0,false,0.0
RJL1081,grayscale,0.4,,1.0,false,0.0
RJL1081,grayscale,0.6,,1.0,false,0.0
RJL1081,grayscale,0.8,,1.0,false,0.0
RJL1081,inverted,0.0,ROL1D81,0.4765625,false,0.71428573
RJL1081,inverted,0.2,ROL1D81,0.4765625,false,0.71428573
RJL1081,inverted,0.4,ROL1D81,0.4765625,false,0.71428573
RJL1081,inverted,0.6,,0.4765625,false,0.0
RJL1081,inverted,0.8,,0.4765625,false,0.0
RJL1081,adaptive,0.0,,1.0,false,0.0
RJL1081,adaptive,0.2,,1.0,false,0.0
RJL1081,adaptive,0.4,,1.0,false,0.0
RJL1081,adaptive,0.6,,1.0,false,0.0
RJL1081,adaptive,0.8,,1.0,false,0.0
RJL1081,bilateral,0.0,,1.0,false,0.0
RJL1081,bilateral,0.2,,1.0,false,0.0
RJL1081,bilateral,0.4,,1.0,false,0.0
RJL1081,bilateral,0.6,,1.0,false,0.0
RJL1081,bilateral,0.8,,1.0,false,0.0
RJL1081,otsu,0.0,,1.0,false,0.0
RJL1081,otsu,0.2,,1.0,false,0.0
RJL1081,otsu,0.4,,1.0,false,0.0
RJL1081,otsu,0.6,,1.0,false,0.0
RJL1081,otsu,0.8,,1.0,false,0.0
RJL1081,resized2x,0.0,,1.0,false,0.0
RJL1081,resized2x,0.2,,1.0,false,0.0
RJL1081,resized2x,0.4,,1.0,false,0.0
RJL1081,resized2x,0.6,,1.0,false,0.0
RJL1081,resized2x,0.8,,1.0,false,0.0
RJL1081,sharpened,0.0,RL1D81,0.4778646,false,0.14285715
RJL1081,sharpened,0.2,RL1D81,0.4778646,false,0.14285715
RJL1081,sharpened,0.4,RL1D81,0.4778646,false,0.14285715
RJL1081,sharpened,0.6,,0.4778646,false,0.0
RJL1081,sharpened,0.8,,0.4778646,false,0.0
RJR7180,original,0.0,RJR71SO,0.37276787,false,0.71428573
RJR7180,original,0.2,RJR71SO,0.37276787,false,0.71428573
RJR7180,original,0.4,,0.37276787,false,0.0
RJR7180,original,0.6,,0.37276787,false,0.0
RJR7180,original,0.8,,0.37276787,false,0.0
RJR7180,grayscale,0.0,RJR71SG,0.484375,false,0.71428573
RJR7180,grayscale,0.2,RJR71SG,0.484375,false,0.71428573
RJR7180,grayscale,0.4,RJR71SG,0.484375,false,0.71428573
RJR7180,grayscale,0.6,,0.484375,false,0.0
RJR7180,grayscale,0.8,,0.484375,false,0.0
RJR7180,inverted,0.0,,1.0,false,0.0
RJR7180,inverted,0.2,,1.0,false,0.0
RJR7180,inverted,0.4,,1.0,false,0.0
RJR7180,inverted,0.6,,1.0,false,0.0
RJR7180,inverted,0.8,,1.0,false,0.0
RJR7180,adaptive,0.0,RJR718G,0.54966515,false,0.85714287
RJR7180,adaptive,0.2,RJR718G,0.54966515,false,0.85714287
RJR7180,adaptive,0.4,RJR718G,0.54966515,false,0.85714287
RJR7180,adaptive,0.6,,0.54966515,false,0.0
RJR7180,adaptive,0.8,,0.54966515,false,0.0
RJR7180,bilateral,0.0,JR7IS0,0.30989584,false,0.0
RJR7180,bilateral,0.2,JR7IS0,0.30989584,false,0.0
RJR7180,bilateral,0.4,,0.30989584,false,0.0
RJR7180,bilateral,0.6,,0.30989584,false,0.0
RJR7180,bilateral,0.8,,0.30989584,false,0.0
RJR7180,otsu,0.0,,1.0,false,0.0
RJR7180,otsu,0.2,,1.0,false,0.0
RJR7180,otsu,0.4,,1.0,false,0.0
RJR7180,otsu,0.6,,1.0,false,0.0
RJR7180,otsu,0.8,,1.0,false,0.0
RJR7180,resized2x,0.0,RJR7IS0,0.4029018,false,0.71428573
RJR7180,resized2x,0.2,RJR7IS0,0.4029018,false,0.71428573
RJR7180,resized2x,0.4,RJR7IS0,0.4029018,false,0.71428573
RJR7180,resized2x,0.6,,0.4029018,false,0.0
RJR7180,resized2x,0.8,,0.4029018,false,0.0
RJR7180,sharpened,0.0,O8TZUC,0.30533853,false,0.0
RJR7180,sharpened,0.2,O8TZUC,0.30533853,false,0.0
RJR7180,sharpened,0.4,,0.30533853,false,0.0
RJR7180,sharpened,0.6,,0.30533853,false,0.0
RJR7180,sharpened,0.8,,0.30533853,false,0.0
RJR7180,original,0.0,0812UC,0.30013022,false,0.0
RJR7180,original,0.2,0812UC,0.30013022,false,0.0
RJR7180,original,0.4,,0.30013022,false,0.0
RJR7180,original,0.6,,0.30013022,false,0.0
RJR7180,original,0.8,,0.30013022,false,0.0
RJR7180,grayscale,0.0,,1.0,false,0.0
RJR7180,grayscale,0.2,,1.0,false,0.0
RJR7180,grayscale,0.4,,1.0,false,0.0
RJR7180,grayscale,0.6,,1.0,false,0.0
RJR7180,grayscale,0.8,,1.0,false,0.0
RJR7180,inverted,0.0,OST2UT,0.2825521,false,0.0
RJR7180,inverted,0.2,OST2UT,0.2825521,false,0.0
RJR7180,inverted,0.4,,0.2825521,false,0.0
RJR7180,inverted,0.6,,0.2825521,false,0.0
RJR7180,inverted,0.8,,0.2825521,false,0.0
RJR7180,adaptive,0.0,RJR7ISG,0.3939732,false,0.5714286
RJR7180,adaptive,0.2,RJR7ISG,0.3939732,false,0.5714286
RJR7180,adaptive,0.4,,0.3939732,false,0.0
RJR7180,adaptive,0.6,,0.3939732,false,0.0
RJR7180,adaptive,0.8,,0.3939732,false,0.0
RJR7180,bilateral,0.0,0814V0,0.34830728,false,0.0
RJR7180,bilateral,0.2,0814V0,0.34830728,false,0.0
RJR7180,bilateral,0.4,,0.34830728,false,0.0
RJR7180,bilateral,0.6,,0.34830728,false,0.0
RJR7180,bilateral,0.8,,0.34830728,false,0.0
RJR7180,otsu,0.0,,1.0,false,0.0
RJR7180,otsu,0.2,,1.0,false,0.0
RJR7180,otsu,0.4,,1.0,false,0.0
RJR7180,otsu,0.6,,1.0,false,0.0
RJR7180,otsu,0.8,,1.0,false,0.0
RJR7180,resized2x,0.0,O8T2UTY,0.27399555,false,0.0
RJR7180,resized2x,0.2,O8T2UTY,0.27399555,false,0.0
RJR7180,resized2x,0.4,,0.27399555,false,0.0
RJR7180,resized2x,0.6,,0.27399555,false,0.0
RJR7180,resized2x,0.8,,0.27399555,false,0.0
RJR7180,sharpened,0.0,,1.0,false,0.0
RJR7180,sharpened,0.2,,1.0,false,0.0
RJR7180,sharpened,0.4,,1.0,false,0.0
RJR7180,sharpened,0.6,,1.0,false,0.0
RJR7180,sharpened,0.8,,1.0,false,0.0
RJY0I35,original,0.0,RJYOI35,0.51060265,false,0.85714287
RJY0I35,original,0.2,RJYOI35,0.51060265,false,0.85714287
RJY0I35,original,0.4,RJYOI35,0.51060265,false,0.85714287
RJY0I35,original,0.6,,0.51060265,false,0.0
RJY0I35,original,0.8,,0.51060265,false,0.0
RJY0I35,grayscale,0.0,RJYO135,0.6004464,false,0.71428573
RJY0I35,grayscale,0.2,RJYO135,0.6004464,false,0.71428573
RJY0I35,grayscale,0.4,RJYO135,0.6004464,false,0.71428573
RJY0I35,grayscale,0.6,RJYO135,0.6004464,false,0.71428573
RJY0I35,grayscale,0.8,,0.6004464,false,0.0
RJY0I35,inverted,0.0,SETOACU,0.3470982,false,0.0
RJY0I35,inverted,0.2,SETOACU,0.3470982,false,0.0
RJY0I35,inverted,0.4,,0.3470982,false,0.0
RJY0I35,inverted,0.6,,0.3470982,false,0.0
RJY0I35,inverted,0.8,,0.3470982,false,0.0
RJY0I35,adaptive,0.0,ROYOI3S,0.35212055,false,0.5714286
RJY0I35,adaptive,0.2,ROYOI3S,0.35212055,false,0.5714286
RJY0I35,adaptive,0.4,,0.35212055,false,0.0
RJY0I35,adaptive,0.6,,0.35212055,false,0.0
RJY0I35,adaptive,0.8,,0.35212055,false,0.0
RJY0I35,bilateral,0.0,RJYO135,0.5864955,false,0.71428573
RJY0I35,bilateral,0.2,RJYO135,0.5864955,false,0.71428573
RJY0I35,bilateral,0.4,RJYO135,0.5864955,false,0.71428573
RJY0I35,bilateral,0.6,,0.5864955,false,0.0
RJY0I35,bilateral,0.8,,0.5864955,false,0.0
RJY0I35,otsu,0.0,SSTOACO,0.3080357,false,0.0
RJY0I35,otsu,0.2,SSTOACO,0.3080357,false,0.0
RJY0I35,otsu,0.4,,0.3080357,false,0.0
RJY0I35,otsu,0.6,,0.3080357,false,0.0
RJY0I35,otsu,0.8,,0.3080357,false,0.0
RJY0I35,resized2x,0.0,RJYOI35,0.4921875,false,0.85714287
RJY0I35,resized2x,0.2,RJYOI35,0.4921875,false,0.85714287
RJY0I35,resized2x,0.4,RJYOI35,0.4921875,false,0.85714287
RJY0I35,resized2x,0.6,,0.4921875,false,0.0
RJY0I35,resized2x,0.8,,0.4921875,false,0.0
RJY0I35,sharpened,0.0,RIYOI3S,0.38671875,false,0.5714286
RJY0I35,sharpened,0.2,RIYOI3S,0.38671875,false,0.5714286
RJY0I35,sharpened,0.4,,0.38671875,false,0.0
RJY0I35,sharpened,0.6,,0.38671875,false,0.0
RJY0I35,sharpened,0.8,,0.38671875,false,0.0
RJY7A52,original,0.0,RJVZA52,0.5719866,false,0.71428573
RJY7A52,original,0.2,RJVZA52,0.5719866,false,0.71428573
RJY7A52,original,0.4,RJVZA52,0.5719866,false,0.71428573
RJY7A52,original,0.6,,0.5719866,false,0.0
RJY7A52,original,0.8,,0.5719866,false,0.0
RJY7A52,grayscale,0.0,RJVZAS2,0.53515625,false,0.5714286
RJY7A52,grayscale,0.2,RJVZAS2,0.53515625,false,0.5714286
RJY7A52,grayscale,0.4,RJVZAS2,0.53515625,false,0.5714286
RJY7A52,grayscale,0.6,,0.53515625,false,0.0
RJY7A52,grayscale,0.8,,0.53515625,false,0.0
RJY7A52,inverted,0.0,RIVZA52,0.58314735,false,0.5714286
RJY7A52,inverted,0.2,RIVZA52,0.58314735,false,0.5714286
RJY7A52,inverted,0.4,RIVZA52,0.58314735,false,0.5714286
RJY7A52,inverted,0.6,,0.58314735,false,0.0
RJY7A52,inverted,0.8,,0.58314735,false,0.0
RJY7A52,adaptive,0.0,RIJVZA52,0.5444336,false,0.14285715
RJY7A52,adaptive,0.2,RIJVZA52,0.5444336,false,0.14285715
RJY7A52,adaptive,0.4,RIJVZA52,0.5444336,false,0.14285715
RJY7A52,adaptive,0.6,,0.5444336,false,0.0
RJY7A52,adaptive,0.8,,0.5444336,false,0.0
RJY7A52,bilateral,0.0,RJVZAS2,0.5608259,false,0.5714286
RJY7A52,bilateral,0.2,RJVZAS2,0.5608259,false,0.5714286
RJY7A52,bilateral,0.4,RJVZAS2,0.5608259,false,0.5714286
RJY7A52,bilateral,0.6,,0.5608259,false,0.0
RJY7A52,bilateral,0.8,,0.5608259,false,0.0
RJY7A52,otsu,0.0,RJVZA52,0.43526787,false,0.71428573
RJY7A52,otsu,0.2,RJVZA52,0.43526787,false,0.71428573
RJY7A52,otsu,0.4,RJVZA52,0.43526787,false,0.71428573
RJY7A52,otsu,0.6,,0.43526787,false,0.0
RJY7A52,otsu,0.8,,0.43526787,false,0.0
RJY7A52,resized2x,0.0,RJVZAS52,0.54589844,false,0.42857143
RJY7A52,resized2x,0.2,RJVZAS52,0.54589844,false,0.42857143
RJY7A52,resized2x,0.4,RJVZAS52,0.54589844,false,0.42857143
RJY7A52,resized2x,0.6,,0.54589844,false,0.0
RJY7A52,resized2x,0.8,,0.54589844,false,0.0
RJY7A52,sharpened,0.0,RJVZA52,0.5848214,false,0.71428573
RJY7A52,sharpened,0.2,RJVZA52,0.5848214,false,0.71428573
RJY7A52,sharpened,0.4,RJVZA52,0.5848214,false,0.71428573
RJY7A52,sharpened,0.6,,0.5848214,false,0.0
RJY7A52,sharpened,0.8,,0.5848214,false,0.0
RJY7A52,original,0.0,LRJY7A52,0.58935547,false,0.0
RJY7A52,original,0.2,LRJY7A52,0.58935547,false,0.0
RJY7A52,original,0.4,LRJY7A52,0.58935547,false,0.0
RJY7A52,original,0.6,,0.58935547,false,0.0
RJY7A52,original,0.8,,0.58935547,false,0.0
RJY7A52,grayscale,0.0,LRJY7A52,0.61376953,false,0.0
RJY7A52,grayscale,0.2,LRJY7A52,0.61376953,false,0.0
RJY7A52,grayscale,0.4,LRJY7A52,0.61376953,false,0.0
RJY7A52,grayscale,0.6,LRJY7A52,0.61376953,false,0.0
RJY7A52,grayscale,0.8,,0.61376953,false,0.0
RJY7A52,inverted,0.0,LRJYZAS52,0.56553817,false,0.0
RJY7A52,inverted,0.2,LRJYZAS52,0.56553817,false,0.0
RJY7A52,inverted,0.4,LRJYZAS52,0.56553817,false,0.0
RJY7A52,inverted,0.6,,0.56553817,false,0.0
RJY7A52,inverted,0.8,,0.56553817,false,0.0
RJY7A52,adaptive,0.0,RIYZA5,0.51953125,false,0.5714286
RJY7A52,adaptive,0.2,RIYZA5,0.51953125,false,0.5714286
RJY7A52,adaptive,0.4,RIYZA5,0.51953125,false,0.5714286
RJY7A52,adaptive,0.6,,0.51953125,false,0.0
RJY7A52,adaptive,0.8,,0.51953125,false,0.0
RJY7A52,bilateral,0.0,RJYZA52,0.58091515,false,0.85714287
RJY7A52,bilateral,0.2,RJYZA52,0.58091515,false,0.85714287
RJY7A52,bilateral,0.4,RJYZA52,0.58091515,false,0.85714287
RJY7A52,bilateral,0.6,,0.58091515,false,0.0
RJY7A52,bilateral,0.8,,0.58091515,false,0.0
RJY7A52,otsu,0.0,RIZA52,0.31054688,false,0.14285715
RJY7A52,otsu,0.2,RIZA52,0.31054688,false,0.14285715
RJY7A52,otsu,0.4,,0.31054688,false,0.0
RJY7A52,otsu,0.6,,0.31054688,false,0.0
RJY7A52,otsu,0.8,,0.31054688,false,0.0
RJY7A52,resized2x,0.0,LRJYZA52,0.5703125,false,0.0
RJY7A52,resized2x,0.2,LRJYZA52,0.5703125,false,0.0
RJY7A52,resized2x,0.4,LRJYZA52,0.5703125,false,0.0
RJY7A52,resized2x,0.6,,0.5703125,false,0.0
RJY7A52,resized2x,0.8,,0.5703125,false,0.0
RJY7A52,sharpened,0.0,LRJY7A52,0.5629883,false,0.0
RJY7A52,sharpened,0.2,LRJY7A52,0.5629883,false,0.0
RJY7A52,sharpened,0.4,LRJY7A52,0.5629883,false,0.0
RJY7A52,sharpened,0.6,,0.5629883,false,0.0
RJY7A52,sharpened,0.8,,0.5629883,false,0.0
RJY7A52,original,0.0,LRJYZA52,0.5463867,false,0.0
RJY7A52,original,0.2,LRJYZA52,0.5463867,false,0.0
RJY7A52,original,0.4,LRJYZA52,0.5463867,false,0.0
RJY7A52,original,0.6,,0.5463867,false,0.0
RJY7A52,original,0.8,,0.5463867,false,0.0
RJY7A52,grayscale,0.0,LRJYZAS2,0.57470703,false,0.0
RJY7A52,grayscale,0.2,LRJYZAS2,0.57470703,false,0.0
RJY7A52,grayscale,0.4,LRJYZAS2,0.57470703,false,0.0
RJY7A52,grayscale,0.6,,0.57470703,false,0.0
RJY7A52,grayscale,0.8,,0.57470703,false,0.0
RJY7A52,inverted,0.0,RJYZA52,0.51116073,false,0.85714287
RJY7A52,inverted,0.2,RJYZA52,0.51116073,false,0.85714287
RJY7A52,inverted,0.4,RJYZA52,0.51116073,false,0.85714287
RJY7A52,inverted,0.6,,0.51116073,false,0.0
RJY7A52,inverted,0.8,,0.51116073,false,0.0
RJY7A52,adaptive,0.0,RIY7A52,0.5061384,false,0.85714287
RJY7A52,adaptive,0.2,RIY7A52,0.5061384,false,0.85714287
RJY7A52,adaptive,0.4,RIY7A52,0.5061384,false,0.85714287
RJY7A52,adaptive,0.6,,0.5061384,false,0.0
RJY7A52,adaptive,0.8,,0.5061384,false,0.0
RJY7A52,bilateral,0.0,LRJYZAS2,0.4946289,false,0.0
RJY7A52,bilateral,0.2,LRJYZAS2,0.4946289,false,0.0
RJY7A52,bilateral,0.4,LRJYZAS2,0.4946289,false,0.0
RJY7A52,bilateral,0.6,,0.4946289,false,0.0
RJY7A52,bilateral,0.8,,0.4946289,false,0.0
RJY7A52,otsu,0.0,RZAS2,0.29453126,false,0.14285715
RJY7A52,otsu,0.2,RZAS2,0.29453126,false,0.14285715
RJY7A52,otsu,0.4,,0.29453126,false,0.0
RJY7A52,otsu,0.6,,0.29453126,false,0.0
RJY7A52,otsu,0.8,,0.29453126,false,0.0
RJY7A52,resized2x,0.0,LRJYZA52,0.5595703,false,0.0
RJY7A52,resized2x,0.2,LRJYZA52,0.5595703,false,0.0
RJY7A52,resized2x,0.4,LRJYZA52,0.5595703,false,0.0
RJY7A52,resized2x,0.6,,0.5595703,false,0.0
RJY7A52,resized2x,0.8,,0.5595703,false,0.0
RJY7A52,sharpened,0.0,RJYZA52,0.65122765,false,0.85714287
RJY7A52,sharpened,0.2,RJYZA52,0.65122765,false,0.85714287
RJY7A52,sharpened,0.4,RJYZA52,0.65122765,false,0.85714287
RJY7A52,sharpened,0.6,RJYZA52,0.65122765,false,0.85714287
RJY7A52,sharpened,0.8,,0.65122765,false,0.0
RKE0D82,original,0.0,RKEGD82,0.7561384,false,0.85714287
RKE0D82,original,0.2,RKEGD82,0.7561384,false,0.85714287
RKE0D82,original,0.4,RKEGD82,0.7561384,false,0.85714287
RKE0D82,original,0.6,RKEGD82,0.7561384,false,0.85714287
RKE0D82,original,0.8,,0.7561384,false,0.0
RKE0D82,grayscale,0.0,RKEGD82,0.79408485,false,0.85714287
RKE0D82,grayscale,0.2,RKEGD82,0.79408485,false,0.85714287
RKE0D82,grayscale,0.4,RKEGD82,0.79408485,false,0.85714287
RKE0D82,grayscale,0.6,RKEGD82,0.79408485,false,0.85714287
RKE0D82,grayscale,0.8,,0.79408485,false,0.0
RKE0D82,inverted,0.0,RKEGD82,0.8186384,false,0.85714287
RKE0D82,inverted,0.2,RKEGD82,0.8186384,false,0.85714287
RKE0D82,inverted,0.4,RKEGD82,0.8186384,false,0.85714287
RKE0D82,inverted,0.6,RKEGD82,0.8186384,false,0.85714287
RKE0D82,inverted,0.8,RKEGD82,0.8186384,false,0.85714287
RKE0D82,adaptive,0.0,LRKEOD82,0.63623047,false,0.0
RKE0D82,adaptive,0.2,LRKEOD82,0.63623047,false,0.0
RKE0D82,adaptive,0.4,LRKEOD82,0.63623047,false,0.0
RKE0D82,adaptive,0.6,LRKEOD82,0.63623047,false,0.0
RKE0D82,adaptive,0.8,,0.63623047,false,0.0
RKE0D82,bilateral,0.0,RKEOD82,0.80915177,false,0.85714287
RKE0D82,bilateral,0.2,RKEOD82,0.80915177,false,0.85714287
RKE0D82,bilateral,0.4,RKEOD82,0.80915177,false,0.85714287
RKE0D82,bilateral,0.6,RKEOD82,0.80915177,false,0.85714287
RKE0D82,bilateral,0.8,RKEOD82,0.80915177,false,0.85714287
RKE0D82,otsu,0.0,RKEGD82,0.7276786,false,0.85714287
RKE0D82,otsu,0.2,RKEGD82,0.7276786,false,0.85714287
RKE0D82,otsu,0.4,RKEGD82,0.7276786,false,0.85714287
RKE0D82,otsu,0.6,RKEGD82,0.7276786,false,0.85714287
RKE0D82,otsu,0.8,,0.7276786,false,0.0
RKE0D82,resized2x,0.0,BRLSILRKEGD82,1.0,false,0.0
RKE0D82,resized2x,0.2,BRLSILRKEGD82,1.0,false,0.0
RKE0D82,resized2x,0.4,BRLSILRKEGD82,1.0,false,0.0
RKE0D82,resized2x,0.6,BRLSILRKEGD82,1.0,false,0.0
RKE0D82,resized2x,0.8,BRLSILRKEGD82,1.0,false,0.0
RKE0D82,sharpened,0.0,RKEGD82,0.77566963,false,0.85714287
RKE0D82,sharpened,0.2,RKEGD82,0.77566963,false,0.85714287
RKE0D82,sharpened,0.4,RKEGD82,0.77566963,false,0.85714287
RKE0D82,sharpened,0.6,RKEGD82,0.77566963,false,0.85714287
RKE0D82,sharpened,0.8,,0.77566963,false,0.0
RRZ8B88,original,0.0,RRZ8BS8,0.73883927,false,0.85714287
RRZ8B88,original,0.2,RRZ8BS8,0.73883927,false,0.85714287
RRZ8B88,original,0.4,RRZ8BS8,0.73883927,false,0.85714287
RRZ8B88,original,0.6,RRZ8BS8,0.73883927,false,0.85714287
RRZ8B88,original,0.8,,0.73883927,false,0.0
RRZ8B88,grayscale,0.0,RRZ8BS8,0.73660713,false,0.85714287
RRZ8B88,grayscale,0.2,RRZ8BS8,0.73660713,false,0.85714287
RRZ8B88,grayscale,0.4,RRZ8BS8,0.73660713,false,0.85714287
RRZ8B88,grayscale,0.6,RRZ8BS8,0.73660713,false,0.85714287
RRZ8B88,grayscale,0.8,,0.73660713,false,0.0
RRZ8B88,inverted,0.0,RRZ8BS8,0.703125,false,0.85714287
RRZ8B88,inverted,0.2,RRZ8BS8,0.703125,false,0.85714287
RRZ8B88,inverted,0.4,RRZ8BS8,0.703125,false,0.85714287
RRZ8B88,inverted,0.6,RRZ8BS8,0.703125,false,0.85714287
RRZ8B88,inverted,0.8,,0.703125,false,0.0
RRZ8B88,adaptive,0.0,RRZ8S68,0.5078125,false,0.71428573
RRZ8B88,adaptive,0.2,RRZ8S68,0.5078125,false,0.71428573
RRZ8B88,adaptive,0.4,RRZ8S68,0.5078125,false,0.71428573
RRZ8B88,adaptive,0.6,,0.5078125,false,0.0
RRZ8B88,adaptive,0.8,,0.5078125,false,0.0
RRZ8B88,bilateral,0.0,RRZ8BS8,0.6501116,false,0.85714287
RRZ8B88,bilateral,0.2,RRZ8BS8,0.6501116,false,0.85714287
RRZ8B88,bilateral,0.4,RRZ8BS8,0.6501116,false,0.85714287
RRZ8B88,bilateral,0.6,RRZ8BS8,0.6501116,false,0.85714287
RRZ8B88,bilateral,0.8,,0.6501116,false,0.0
RRZ8B88,otsu,0.0,,1.0,false,0.0
RRZ8B88,otsu,0.2,,1.0,false,0.0
RRZ8B88,otsu,0.4,,1.0,false,0.0
RRZ8B88,otsu,0.6,,1.0,false,0.0
RRZ8B88,otsu,0.8,,1.0,false,0.0
RRZ8B88,resized2x,0.0,RRZ8BS8,0.6729911,false,0.85714287
RRZ8B88,resized2x,0.2,RRZ8BS8,0.6729911,false,0.85714287
RRZ8B88,resized2x,0.4,RRZ8BS8,0.6729911,false,0.85714287
RRZ8B88,resized2x,0.6,RRZ8BS8,0.6729911,false,0.85714287
RRZ8B88,resized2x,0.8,,0.6729911,false,0.0
RRZ8B88,sharpened,0.0,RRZBS8,0.6238839,false,0.5714286
RRZ8B88,sharpened,0.2,RRZBS8,0.6238839,false,0.5714286
RRZ8B88,sharpened,0.4,RRZBS8,0.6238839,false,0.5714286
RRZ8B88,sharpened,0.6,RRZBS8,0.6238839,false,0.5714286
RRZ8B88,sharpened,0.8,,0.6238839,false,0.0
SRW3G43,original,0.0,,1.0,false,0.0
SRW3G43,original,0.2,,1.0,false,0.0
SRW3G43,original,0.4,,1.0,false,0.0
SRW3G43,original,0.6,,1.0,false,0.0
SRW3G43,original,0.8,,1.0,false,0.0
SRW3G43,grayscale,0.0,43,0.5097656,false,0.0
SRW3G43,grayscale,0.2,43,0.5097656,false,0.0
SRW3G43,grayscale,0.4,43,0.5097656,false,0.0
SRW3G43,grayscale,0.6,,0.5097656,false,0.0
SRW3G43,grayscale,0.8,,0.5097656,false,0.0
SRW3G43,inverted,0.0,I3943,0.31510416,false,0.0
SRW3G43,inverted,0.2,I3943,0.31510416,false,0.0
SRW3G43,inverted,0.4,,0.31510416,false,0.0
SRW3G43,inverted,0.6,,0.31510416,false,0.0
SRW3G43,inverted,0.8,,0.31510416,false,0.0
SRW3G43,adaptive,0.0,,1.0,false,0.0
SRW3G43,adaptive,0.2,,1.0,false,0.0
SRW3G43,adaptive,0.4,,1.0,false,0.0
SRW3G43,adaptive,0.6,,1.0,false,0.0
SRW3G43,adaptive,0.8,,1.0,false,0.0
SRW3G43,bilateral,0.0,,1.0,false,0.0
SRW3G43,bilateral,0.2,,1.0,false,0.0
SRW3G43,bilateral,0.4,,1.0,false,0.0
SRW3G43,bilateral,0.6,,1.0,false,0.0
SRW3G43,bilateral,0.8,,1.0,false,0.0
SRW3G43,otsu,0.0,,1.0,false,0.0
SRW3G43,otsu,0.2,,1.0,false,0.0
SRW3G43,otsu,0.4,,1.0,false,0.0
SRW3G43,otsu,0.6,,1.0,false,0.0
SRW3G43,otsu,0.8,,1.0,false,0.0
SRW3G43,resized2x,0.0,,1.0,false,0.0
SRW3G43,resized2x,0.2,,1.0,false,0.0
SRW3G43,resized2x,0.4,,1.0,false,0.0
SRW3G43,resized2x,0.6,,1.0,false,0.0
SRW3G43,resized2x,0.8,,1.0,false,0.0
SRW3G43,sharpened,0.0,,1.0,false,0.0
SRW3G43,sharpened,0.2,,1.0,false,0.0
SRW3G43,sharpened,0.4,,1.0,false,0.0
SRW3G43,sharpened,0.6,,1.0,false,0.0
SRW3G43,sharpened,0.8,,1.0,false,0.0
TDQ0J39,original,0.0,TD00339,0.4095982,false,0.71428573
TDQ0J39,original,0.2,TD00339,0.4095982,false,0.71428573
TDQ0J39,original,0.4,TD00339,0.4095982,false,0.71428573
TDQ0J39,original,0.6,,0.4095982,false,0.0
TDQ0J39,original,0.8,,0.4095982,false,0.0
TDQ0J39,grayscale,0.0,TDOGJ39,0.4877232,false,0.71428573
TDQ0J39,grayscale,0.2,TDOGJ39,0.4877232,false,0.71428573
TDQ0J39,grayscale,0.4,TDOGJ39,0.4877232,false,0.71428573
TDQ0J39,grayscale,0.6,,0.4877232,false,0.0
TDQ0J39,grayscale,0.8,,0.4877232,false,0.0
TDQ0J39,inverted,0.0,TOOGJ39,0.42857143,false,0.5714286
TDQ0J39,inverted,0.2,TOOGJ39,0.42857143,false,0.5714286
TDQ0J39,inverted,0.4,TOOGJ39,0.42857143,false,0.5714286
TDQ0J39,inverted,0.6,,0.42857143,false,0.0
TDQ0J39,inverted,0.8,,0.42857143,false,0.0
TDQ0J39,adaptive,0.0,D00339,0.30143228,false,0.0
TDQ0J39,adaptive,0.2,D00339,0.30143228,false,0.0
TDQ0J39,adaptive,0.4,,0.30143228,false,0.0
TDQ0J39,adaptive,0.6,,0.30143228,false,0.0
TDQ0J39,adaptive,0.8,,0.30143228,false,0.0
TDQ0J39,bilateral,0.0,68C0001,0.44419643,false,0.14285715
TDQ0J39,bilateral,0.2,68C0001,0.44419643,false,0.14285715
TDQ0J39,bilateral,0.4,68C0001,0.44419643,false,0.14285715
TDQ0J39,bilateral,0.6,,0.44419643,false,0.0
TDQ0J39,bilateral,0.8,,0.44419643,false,0.0
TDQ0J39,otsu,0.0,,1.0,false,0.0
TDQ0J39,otsu,0.2,,1.0,false,0.0
TDQ0J39,otsu,0.4,,1.0,false,0.0
TDQ0J39,otsu,0.6,,1.0,false,0.0
TDQ0J39,otsu,0.8,,1.0,false,0.0
TDQ0J39,resized2x,0.0,62CD001,0.3783482,false,0.0
TDQ0J39,resized2x,0.2,62CD001,0.3783482,false,0.0
TDQ0J39,resized2x,0.4,,0.3783482,false,0.0
TDQ0J39,resized2x,0.6,,0.3783482,false,0.0
TDQ0J39,resized2x,0.8,,0.3783482,false,0.0
TDQ0J39,sharpened,0.0,TDQ0J39,0.42243305,true,1.0
TDQ0J39,sharpened,0.2,TDQ0J39,0.42243305,true,1.0
TDQ0J39,sharpened,0.4,TDQ0J39,0.42243305,true,1.0
TDQ0J39,sharpened,0.6,,0.42243305,false,0.0
TDQ0J39,sharpened,0.8,,0.42243305,false,0.0
TDQ0J39,original,0.0,,1.0,false,0.0
TDQ0J39,original,0.2,,1.0,false,0.0
TDQ0J39,original,0.4,,1.0,false,0.0
TDQ0J39,original,0.6,,1.0,false,0.0
TDQ0J39,original,0.8,,1.0,false,0.0
TDQ0J39,grayscale,0.0,,1.0,false,0.0
TDQ0J39,grayscale,0.2,,1.0,false,0.0
TDQ0J39,grayscale,0.4,,1.0,false,0.0
TDQ0J39,grayscale,0.6,,1.0,false,0.0
TDQ0J39,grayscale,0.8,,1.0,false,0.0
TDQ0J39,inverted,0.0,,1.0,false,0.0
TDQ0J39,inverted,0.2,,1.0,false,0.0
TDQ0J39,inverted,0.4,,1.0,false,0.0
TDQ0J39,inverted,0.6,,1.0,false,0.0
TDQ0J39,inverted,0.8,,1.0,false,0.0
TDQ0J39,adaptive,0.0,,1.0,false,0.0
TDQ0J39,adaptive,0.2,,1.0,false,0.0
TDQ0J39,adaptive,0.4,,1.0,false,0.0
TDQ0J39,adaptive,0.6,,1.0,false,0.0
TDQ0J39,adaptive,0.8,,1.0,false,0.0
TDQ0J39,bilateral,0.0,,1.0,false,0.0
TDQ0J39,bilateral,0.2,,1.0,false,0.0
TDQ0J39,bilateral,0.4,,1.0,false,0.0
TDQ0J39,bilateral,0.6,,1.0,false,0.0
TDQ0J39,bilateral,0.8,,1.0,false,0.0
TDQ0J39,otsu,0.0,,1.0,false,0.0
TDQ0J39,otsu,0.2,,1.0,false,0.0
TDQ0J39,otsu,0.4,,1.0,false,0.0
TDQ0J39,otsu,0.6,,1.0,false,0.0
TDQ0J39,otsu,0.8,,1.0,false,0.0
TDQ0J39,resized2x,0.0,,1.0,false,0.0
TDQ0J39,resized2x,0.2,,1.0,false,0.0
TDQ0J39,resized2x,0.4,,1.0,false,0.0
TDQ0J39,resized2x,0.6,,1.0,false,0.0
TDQ0J39,resized2x,0.8,,1.0,false,0.0
TDQ0J39,sharpened,0.0,,1.0,false,0.0
TDQ0J39,sharpened,0.2,,1.0,false,0.0
TDQ0J39,sharpened,0.4,,1.0,false,0.0
TDQ0J39,sharpened,0.6,,1.0,false,0.0
TDQ0J39,sharpened,0.8,,1.0,false,0.0
TDQ0J39,original,0.0,,1.0,false,0.0
TDQ0J39,original,0.2,,1.0,false,0.0
TDQ0J39,original,0.4,,1.0,false,0.0
TDQ0J39,original,0.6,,1.0,false,0.0
TDQ0J39,original,0.8,,1.0,false,0.0
TDQ0J39,grayscale,0.0,68C0001,0.37220982,false,0.14285715
TDQ0J39,grayscale,0.2,68C0001,0.37220982,false,0.14285715
TDQ0J39,grayscale,0.4,,0.37220982,false,0.0
TDQ0J39,grayscale,0.6,,0.37220982,false,0.0
TDQ0J39,grayscale,0.8,,0.37220982,false,0.0
TDQ0J39,inverted,0.0,TD00339,0.38783482,false,0.71428573
TDQ0J39,inverted,0.2,TD00339,0.38783482,false,0.71428573
TDQ0J39,inverted,0.4,,0.38783482,false,0.0
TDQ0J39,inverted,0.6,,0.38783482,false,0.0
TDQ0J39,inverted,0.8,,0.38783482,false,0.0
TDQ0J39,adaptive,0.0,,1.0,false,0.0
TDQ0J39,adaptive,0.2,,1.0,false,0.0
TDQ0J39,adaptive,0.4,,1.0,false,0.0
TDQ0J39,adaptive,0.6,,1.0,false,0.0
TDQ0J39,adaptive,0.8,,1.0,false,0.0
TDQ0J39,bilateral,0.0,,1.0,false,0.0
TDQ0J39,bilateral,0.2,,1.0,false,0.0
TDQ0J39,bilateral,0.4,,1.0,false,0.0
TDQ0J39,bilateral,0.6,,1.0,false,0.0
TDQ0J39,bilateral,0.8,,1.0,false,0.0
TDQ0J39,otsu,0.0,,1.0,false,0.0
TDQ0J39,otsu,0.2,,1.0,false,0.0
TDQ0J39,otsu,0.4,,1.0,false,0.0
TDQ0J39,otsu,0.6,,1.0,false,0.0
TDQ0J39,otsu,0.8,,1.0,false,0.0
TDQ0J39,resized2x,0.0,62C0001,0.36551338,false,0.14285715
TDQ0J39,resized2x,0.2,62C0001,0.36551338,false,0.14285715
TDQ0J39,resized2x,0.4,,0.36551338,false,0.0
TDQ0J39,resized2x,0.6,,0.36551338,false,0.0
TDQ0J39,resized2x,0.8,,0.36551338,false,0.0
TDQ0J39,sharpened,0.0,TDQR339,0.34095982,false,0.71428573
TDQ0J39,sharpened,0.2,TDQR339,0.34095982,false,0.71428573
TDQ0J39,sharpened,0.4,,0.34095982,false,0.0
TDQ0J39,sharpened,0.6,,0.34095982,false,0.0
TDQ0J39,sharpened,0.8,,0.34095982,false,0.0
TDQ0J39,original,0.0,,1.0,false,0.0
TDQ0J39,original,0.2,,1.0,false,0.0
TDQ0J39,original,0.4,,1.0,false,0.0
TDQ0J39,original,0.6,,1.0,false,0.0
TDQ0J39,original,0.8,,1.0,false,0.0
TDQ0J39,grayscale,0.0,68C0001,0.37220982,false,0.14285715
TDQ0J39,grayscale,0.2,68C0001,0.37220982,false,0.14285715
TDQ0J39,grayscale,0.4,,0.37220982,false,0.0
TDQ0J39,grayscale,0.6,,0.37220982,false,0.0
TDQ0J39,grayscale,0.8,,0.37220982,false,0.0
TDQ0J39,inverted,0.0,TD00339,0.38783482,false,0.71428573
TDQ0J39,inverted,0.2,TD00339,0.38783482,false,0.71428573
TDQ0J39,inverted,0.4,,0.38783482,false,0.0
TDQ0J39,inverted,0.6,,0.38783482,false,0.0
TDQ0J39,inverted,0.8,,0.38783482,false,0.0
TDQ0J39,adaptive,0.0,,1.0,false,0.0
TDQ0J39,adaptive,0.2,,1.0,false,0.0
TDQ0J39,adaptive,0.4,,1.0,false,0.0
TDQ0J39,adaptive,0.6,,1.0,false,0.0
TDQ0J39,adaptive,0.8,,1.0,false,0.0
TDQ0J39,bilateral,0.0,,1.0,false,0.0
TDQ0J39,bilateral,0.2,,1.0,false,0.0
TDQ0J39,bilateral,0.4,,1.0,false,0.0
TDQ0J39,bilateral,0.6,,1.0,false,0.0
TDQ0J39,bilateral,0.8,,1.0,false,0.0
TDQ0J39,otsu,0.0,,1.0,false,0.0
TDQ0J39,otsu,0.2,,1.0,false,0.0
TDQ0J39,otsu,0.4,,1.0,false,0.0
TDQ0J39,otsu,0.6,,1.0,false,0.0
TDQ0J39,otsu,0.8,,1.0,false,0.0
TDQ0J39,resized2x,0.0,62C0001,0.36551338,false,0.14285715
TDQ0J39,resized2x,0.2,62C0001,0.36551338,false,0.14285715
TDQ0J39,resized2x,0.4,,0.36551338,false,0.0
TDQ0J39,resized2x,0.6,,0.36551338,false,0.0
TDQ0J39,resized2x,0.8,,0.36551338,false,0.0
TDQ0J39,sharpened,0.0,TDQR339,0.34095982,false,0.71428573
TDQ0J39,sharpened,0.2,TDQR339,0.34095982,false,0.71428573
TDQ0J39,sharpened,0.4,,0.34095982,false,0.0
TDQ0J39,sharpened,0.6,,0.34095982,false,0.0
TDQ0J39,sharpened,0.8,,0.34095982,false,0.0
TDQ0J39,original,0.0,,1.0,false,0.0
TDQ0J39,original,0.2,,1.0,false,0.0
TDQ0J39,original,0.4,,1.0,false,0.0
TDQ0J39,original,0.6,,1.0,false,0.0
TDQ0J39,original,0.8,,1.0,false,0.0
TDQ0J39,grayscale,0.0,68C0001,0.37220982,false,0.14285715
TDQ0J39,grayscale,0.2,68C0001,0.37220982,false,0.14285715
TDQ0J39,grayscale,0.4,,0.37220982,false,0.0
TDQ0J39,grayscale,0.6,,0.37220982,false,0.0
TDQ0J39,grayscale,0.8,,0.37220982,false,0.0
TDQ0J39,inverted,0.0,TD00339,0.38783482,false,0.71428573
TDQ0J39,inverted,0.2,TD00339,0.38783482,false,0.71428573
TDQ0J39,inverted,0.4,,0.38783482,false,0.0
TDQ0J39,inverted,0.6,,0.38783482,false,0.0
TDQ0J39,inverted,0.8,,0.38783482,false,0.0
TDQ0J39,adaptive,0.0,,1.0,false,0.0
TDQ0J39,adaptive,0.2,,1.0,false,0.0
TDQ0J39,adaptive,0.4,,1.0,false,0.0
TDQ0J39,adaptive,0.6,,1.0,false,0.0
TDQ0J39,adaptive,0.8,,1.0,false,0.0
TDQ0J39,bilateral,0.0,,1.0,false,0.0
TDQ0J39,bilateral,0.2,,1.0,false,0.0
TDQ0J39,bilateral,0.4,,1.0,false,0.0
TDQ0J39,bilateral,0.6,,1.0,false,0.0
TDQ0J39,bilateral,0.8,,1.0,false,0.0
TDQ0J39,otsu,0.0,,1.0,false,0.0
TDQ0J39,otsu,0.2,,1.0,false,0.0
TDQ0J39,otsu,0.4,,1.0,false,0.0
TDQ0J39,otsu,0.6,,1.0,false,0.0
TDQ0J39,otsu,0.8,,1.0,false,0.0
TDQ0J39,resized2x,0.0,62C0001,0.36551338,false,0.14285715
TDQ0J39,resized2x,0.2,62C0001,0.36551338,false,0.14285715
TDQ0J39,resized2x,0.4,,0.36551338,false,0.0
TDQ0J39,resized2x,0.6,,0.36551338,false,0.0
TDQ0J39,resized2x,0.8,,0.36551338,false,0.0
TDQ0J39,sharpened,0.0,TDQR339,0.34095982,false,0.71428573
TDQ0J39,sharpened,0.2,TDQR339,0.34095982,false,0.71428573
TDQ0J39,sharpened,0.4,,0.34095982,false,0.0
TDQ0J39,sharpened,0.6,,0.34095982,false,0.0
TDQ0J39,sharpened,0.8,,0.34095982,false,0.0
TDQ0J39,original,0.0,TD00339,0.4095982,false,0.71428573
TDQ0J39,original,0.2,TD00339,0.4095982,false,0.71428573
TDQ0J39,original,0.4,TD00339,0.4095982,false,0.71428573
TDQ0J39,original,0.6,,0.4095982,false,0.0
TDQ0J39,original,0.8,,0.4095982,false,0.0
TDQ0J39,grayscale,0.0,TDOGJ39,0.4877232,false,0.71428573
TDQ0J39,grayscale,0.2,TDOGJ39,0.4877232,false,0.71428573
TDQ0J39,grayscale,0.4,TDOGJ39,0.4877232,false,0.71428573
TDQ0J39,grayscale,0.6,,0.4877232,false,0.0
TDQ0J39,grayscale,0.8,,0.4877232,false,0.0
TDQ0J39,inverted,0.0,TOOGJ39,0.42857143,false,0.5714286
TDQ0J39,inverted,0.2,TOOGJ39,0.42857143,false,0.5714286
TDQ0J39,inverted,0.4,TOOGJ39,0.42857143,false,0.5714286
TDQ0J39,inverted,0.6,,0.42857143,false,0.0
TDQ0J39,inverted,0.8,,0.42857143,false,0.0
TDQ0J39,adaptive,0.0,D00339,0.30143228,false,0.0
TDQ0J39,adaptive,0.2,D00339,0.30143228,false,0.0
TDQ0J39,adaptive,0.4,,0.30143228,false,0.0
TDQ0J39,adaptive,0.6,,0.30143228,false,0.0
TDQ0J39,adaptive,0.8,,0.30143228,false,0.0
TDQ0J39,bilateral,0.0,68C0001,0.44419643,false,0.14285715
TDQ0J39,bilateral,0.2,68C0001,0.44419643,false,0.14285715
TDQ0J39,bilateral,0.4,68C0001,0.44419643,false,0.14285715
TDQ0J39,bilateral,0.6,,0.44419643,false,0.0
TDQ0J39,bilateral,0.8,,0.44419643,false,0.0
TDQ0J39,otsu,0.0,,1.0,false,0.0
TDQ0J39,otsu,0.2,,1.0,false,0.0
TDQ0J39,otsu,0.4,,1.0,false,0.0
TDQ0J39,otsu,0.6,,1.0,false,0.0
TDQ0J39,otsu,0.8,,1.0,false,0.0
TDQ0J39,resized2x,0.0,62CD001,0.3783482,false,0.0
TDQ0J39,resized2x,0.2,62CD001,0.3783482,false,0.0
TDQ0J39,resized2x,0.4,,0.3783482,false,0.0
TDQ0J39,resized2x,0.6,,0.3783482,false,0.0
TDQ0J39,resized2x,0.8,,0.3783482,false,0.0
TDQ0J39,sharpened,0.0,TDQ0J39,0.42243305,true,1.0
TDQ0J39,sharpened,0.2,TDQ0J39,0.42243305,true,1.0
TDQ0J39,sharpened,0.4,TDQ0J39,0.42243305,true,1.0
TDQ0J39,sharpened,0.6,,0.42243305,false,0.0
TDQ0J39,sharpened,0.8,,0.42243305,false,0.0
TDQ0J39,original,0.0,,1.0,false,0.0
TDQ0J39,original,0.2,,1.0,false,0.0
TDQ0J39,original,0.4,,1.0,false,0.0
TDQ0J39,original,0.6,,1.0,false,0.0
TDQ0J39,original,0.8,,1.0,false,0.0
TDQ0J39,grayscale,0.0,,1.0,false,0.0
TDQ0J39,grayscale,0.2,,1.0,false,0.0
TDQ0J39,grayscale,0.4,,1.0,false,0.0
TDQ0J39,grayscale,0.6,,1.0,false,0.0
TDQ0J39,grayscale,0.8,,1.0,false,0.0
TDQ0J39,inverted,0.0,,1.0,false,0.0
TDQ0J39,inverted,0.2,,1.0,false,0.0
TDQ0J39,inverted,0.4,,1.0,false,0.0
TDQ0J39,inverted,0.6,,1.0,false,0.0
TDQ0J39,inverted,0.8,,1.0,false,0.0
TDQ0J39,adaptive,0.0,,1.0,false,0.0
TDQ0J39,adaptive,0.2,,1.0,false,0.0
TDQ0J39,adaptive,0.4,,1.0,false,0.0
TDQ0J39,adaptive,0.6,,1.0,false,0.0
TDQ0J39,adaptive,0.8,,1.0,false,0.0
TDQ0J39,bilateral,0.0,,1.0,false,0.0
TDQ0J39,bilateral,0.2,,1.0,false,0.0
TDQ0J39,bilateral,0.4,,1.0,false,0.0
TDQ0J39,bilateral,0.6,,1.0,false,0.0
TDQ0J39,bilateral,0.8,,1.0,false,0.0
TDQ0J39,otsu,0.0,,1.0,false,0.0
TDQ0J39,otsu,0.2,,1.0,false,0.0
TDQ0J39,otsu,0.4,,1.0,false,0.0
TDQ0J39,otsu,0.6,,1.0,false,0.0
TDQ0J39,otsu,0.8,,1.0,false,0.0
TDQ0J39,resized2x,0.0,,1.0,false,0.0
TDQ0J39,resized2x,0.2,,1.0,false,0.0
TDQ0J39,resized2x,0.4,,1.0,false,0.0
TDQ0J39,resized2x,0.6,,1.0,false,0.0
TDQ0J39,resized2x,0.8,,1.0,false,0.0
TDQ0J39,sharpened,0.0,,1.0,false,0.0
TDQ0J39,sharpened,0.2,,1.0,false,0.0
TDQ0J39,sharpened,0.4,,1.0,false,0.0
TDQ0J39,sharpened,0.6,,1.0,false,0.0
TDQ0J39,sharpened,0.8,,1.0,false,0.0
TDQ0J39,original,0.0,,1.0,false,0.0
TDQ0J39,original,0.2,,1.0,false,0.0
TDQ0J39,original,0.4,,1.0,false,0.0
TDQ0J39,original,0.6,,1.0,false,0.0
TDQ0J39,original,0.8,,1.0,false,0.0
TDQ0J39,grayscale,0.0,,1.0,false,0.0
TDQ0J39,grayscale,0.2,,1.0,false,0.0
TDQ0J39,grayscale,0.4,,1.0,false,0.0
TDQ0J39,grayscale,0.6,,1.0,false,0.0
TDQ0J39,grayscale,0.8,,1.0,false,0.0
TDQ0J39,inverted,0.0,,1.0,false,0.0
TDQ0J39,inverted,0.2,,1.0,false,0.0
TDQ0J39,inverted,0.4,,1.0,false,0.0
TDQ0J39,inverted,0.6,,1.0,false,0.0
TDQ0J39,inverted,0.8,,1.0,false,0.0
TDQ0J39,adaptive,0.0,,1.0,false,0.0
TDQ0J39,adaptive,0.2,,1.0,false,0.0
TDQ0J39,adaptive,0.4,,1.0,false,0.0
TDQ0J39,adaptive,0.6,,1.0,false,0.0
TDQ0J39,adaptive,0.8,,1.0,false,0.0
TDQ0J39,bilateral,0.0,,1.0,false,0.0
TDQ0J39,bilateral,0.2,,1.0,false,0.0
TDQ0J39,bilateral,0.4,,1.0,false,0.0
TDQ0J39,bilateral,0.6,,1.0,false,0.0
TDQ0J39,bilateral,0.8,,1.0,false,0.0
TDQ0J39,otsu,0.0,,1.0,false,0.0
TDQ0J39,otsu,0.2,,1.0,false,0.0
TDQ0J39,otsu,0.4,,1.0,false,0.0
TDQ0J39,otsu,0.6,,1.0,false,0.0
TDQ0J39,otsu,0.8,,1.0,false,0.0
TDQ0J39,resized2x,0.0,,1.0,false,0.0
TDQ0J39,resized2x,0.2,,1.0,false,0.0
TDQ0J39,resized2x,0.4,,1.0,false,0.0
TDQ0J39,resized2x,0.6,,1.0,false,0.0
TDQ0J39,resized2x,0.8,,1.0,false,0.0
TDQ0J39,sharpened,0.0,,1.0,false,0.0
TDQ0J39,sharpened,0.2,,1.0,false,0.0
TDQ0J39,sharpened,0.4,,1.0,false,0.0
TDQ0J39,sharpened,0.6,,1.0,false,0.0
TDQ0J39,sharpened,0.8,,1.0,false,0.0
TDQ0J39,original,0.0,TD00339,0.4095982,false,0.71428573
TDQ0J39,original,0.2,TD00339,0.4095982,false,0.71428573
TDQ0J39,original,0.4,TD00339,0.4095982,false,0.71428573
TDQ0J39,original,0.6,,0.4095982,false,0.0
TDQ0J39,original,0.8,,0.4095982,false,0.0
TDQ0J39,grayscale,0.0,TDOGJ39,0.4877232,false,0.71428573
TDQ0J39,grayscale,0.2,TDOGJ39,0.4877232,false,0.71428573
TDQ0J39,grayscale,0.4,TDOGJ39,0.4877232,false,0.71428573
TDQ0J39,grayscale,0.6,,0.4877232,false,0.0
TDQ0J39,grayscale,0.8,,0.4877232,false,0.0
TDQ0J39,inverted,0.0,TOOGJ39,0.42857143,false,0.5714286
TDQ0J39,inverted,0.2,TOOGJ39,0.42857143,false,0.5714286
TDQ0J39,inverted,0.4,TOOGJ39,0.42857143,false,0.5714286
TDQ0J39,inverted,0.6,,0.42857143,false,0.0
TDQ0J39,inverted,0.8,,0.42857143,false,0.0
TDQ0J39,adaptive,0.0,D00339,0.30143228,false,0.0
TDQ0J39,adaptive,0.2,D00339,0.30143228,false,0.0
TDQ0J39,adaptive,0.4,,0.30143228,false,0.0
TDQ0J39,adaptive,0.6,,0.30143228,false,0.0
TDQ0J39,adaptive,0.8,,0.30143228,false,0.0
TDQ0J39,bilateral,0.0,68C0001,0.44419643,false,0.14285715
TDQ0J39,bilateral,0.2,68C0001,0.44419643,false,0.14285715
TDQ0J39,bilateral,0.4,68C0001,0.44419643,false,0.14285715
TDQ0J39,bilateral,0.6,,0.44419643,false,0.0
TDQ0J39,bilateral,0.8,,0.44419643,false,0.0
TDQ0J39,otsu,0.0,,1.0,false,0.0
TDQ0J39,otsu,0.2,,1.0,false,0.0
TDQ0J39,otsu,0.4,,1.0,false,0.0
TDQ0J39,otsu,0.6,,1.0,false,0.0
TDQ0J39,otsu,0.8,,1.0,false,0.0
TDQ0J39,resized2x,0.0,62CD001,0.3783482,false,0.0
TDQ0J39,resized2x,0.2,62CD001,0.3783482,false,0.0
TDQ0J39,resized2x,0.4,,0.3783482,false,0.0
TDQ0J39,resized2x,0.6,,0.3783482,false,0.0
TDQ0J39,resized2x,0.8,,0.3783482,false,0.0
TDQ0J39,sharpened,0.0,TDQ0J39,0.42243305,true,1.0
TDQ0J39,sharpened,0.2,TDQ0J39,0.42243305,true,1.0
TDQ0J39,sharpened,0.4,TDQ0J39,0.42243305,true,1.0
TDQ0J39,sharpened,0.6,,0.42243305,false,0.0
TDQ0J39,sharpened,0.8,,0.42243305,false,0.0
TTF4C72,original,0.0,TTF4C72,0.640067,true,1.0
TTF4C72,original,0.2,TTF4C72,0.640067,true,1.0
TTF4C72,original,0.4,TTF4C72,0.640067,true,1.0
TTF4C72,original,0.6,TTF4C72,0.640067,true,1.0
TTF4C72,original,0.8,,0.640067,false,0.0
TTF4C72,grayscale,0.0,TTF4C72,0.63504463,true,1.0
TTF4C72,grayscale,0.2,TTF4C72,0.63504463,true,1.0
TTF4C72,grayscale,0.4,TTF4C72,0.63504463,true,1.0
TTF4C72,grayscale,0.6,TTF4C72,0.63504463,true,1.0
TTF4C72,grayscale,0.8,,0.63504463,false,0.0
TTF4C72,inverted,0.0,TTF4C72,0.6551339,true,1.0
TTF4C72,inverted,0.2,TTF4C72,0.6551339,true,1.0
TTF4C72,inverted,0.4,TTF4C72,0.6551339,true,1.0
TTF4C72,inverted,0.6,TTF4C72,0.6551339,true,1.0
TTF4C72,inverted,0.8,,0.6551339,false,0.0
TTF4C72,adaptive,0.0,TTE4C72,0.640067,false,0.85714287
TTF4C72,adaptive,0.2,TTE4C72,0.640067,false,0.85714287
TTF4C72,adaptive,0.4,TTE4C72,0.640067,false,0.85714287
TTF4C72,adaptive,0.6,TTE4C72,0.640067,false,0.85714287
TTF4C72,adaptive,0.8,,0.640067,false,0.0
TTF4C72,bilateral,0.0,ITE4C72,0.63783485,false,0.71428573
TTF4C72,bilateral,0.2,ITE4C72,0.63783485,false,0.71428573
TTF4C72,bilateral,0.4,ITE4C72,0.63783485,false,0.71428573
TTF4C72,bilateral,0.6,ITE4C72,0.63783485,false,0.71428573
TTF4C72,bilateral,0.8,,0.63783485,false,0.0
TTF4C72,otsu,0.0,IIF4C72,0.52566963,false,0.71428573
TTF4C72,otsu,0.2,IIF4C72,0.52566963,false,0.71428573
TTF4C72,otsu,0.4,IIF4C72,0.52566963,false,0.71428573
TTF4C72,otsu,0.6,,0.52566963,false,0.0
TTF4C72,otsu,0.8,,0.52566963,false,0.0
TTF4C72,resized2x,0.0,TTE4C72,0.63616073,false,0.85714287
TTF4C72,resized2x,0.2,TTE4C72,0.63616073,false,0.85714287
TTF4C72,resized2x,0.4,TTE4C72,0.63616073,false,0.85714287
TTF4C72,resized2x,0.6,TTE4C72,0.63616073,false,0.85714287
TTF4C72,resized2x,0.8,,0.63616073,false,0.0
TTF4C72,sharpened,0.0,LTTE4C72,0.58447266,false,0.14285715
TTF4C72,sharpened,0.2,LTTE4C72,0.58447266,false,0.14285715
TTF4C72,sharpened,0.4,LTTE4C72,0.58447266,false,0.14285715
TTF4C72,sharpened,0.6,,0.58447266,false,0.0
TTF4C72,sharpened,0.8,,0.58447266,false,0.0
TTF4C72,original,0.0,TTF4C72,0.67578125,true,1.0
TTF4C72,original,0.2,TTF4C72,0.67578125,true,1.0
TTF4C72,original,0.4,TTF4C72,0.67578125,true,1.0
TTF4C72,original,0.6,TTF4C72,0.67578125,true,1.0
TTF4C72,original,0.8,,0.67578125,false,0.0
TTF4C72,grayscale,0.0,TTE4C72,0.6484375,false,0.85714287
TTF4C72,grayscale,0.2,TTE4C72,0.6484375,false,0.85714287
TTF4C72,grayscale,0.4,TTE4C72,0.6484375,false,0.85714287
TTF4C72,grayscale,0.6,TTE4C72,0.6484375,false,0.85714287
TTF4C72,grayscale,0.8,,0.6484375,false,0.0
TTF4C72,inverted,0.0,ITE4C72,0.63002235,false,0.71428573
TTF4C72,inverted,0.2,ITE4C72,0.63002235,false,0.71428573
TTF4C72,inverted,0.4,ITE4C72,0.63002235,false,0.71428573
TTF4C72,inverted,0.6,ITE4C72,0.63002235,false,0.71428573
TTF4C72,inverted,0.8,,0.63002235,false,0.0
TTF4C72,adaptive,0.0,ITF4C72,0.5217634,false,0.85714287
TTF4C72,adaptive,0.2,ITF4C72,0.5217634,false,0.85714287
TTF4C72,adaptive,0.4,ITF4C72,0.5217634,false,0.85714287
TTF4C72,adaptive,0.6,,0.5217634,false,0.0
TTF4C72,adaptive,0.8,,0.5217634,false,0.0
TTF4C72,bilateral,0.0,ITE4C72,0.62276787,false,0.71428573
TTF4C72,bilateral,0.2,ITE4C72,0.62276787,false,0.71428573
TTF4C72,bilateral,0.4,ITE4C72,0.62276787,false,0.71428573
TTF4C72,bilateral,0.6,ITE4C72,0.62276787,false,0.71428573
TTF4C72,bilateral,0.8,,0.62276787,false,0.0
TTF4C72,otsu,0.0,TTF4C72,0.5485491,true,1.0
TTF4C72,otsu,0.2,TTF4C72,0.5485491,true,1.0
TTF4C72,otsu,0.4,TTF4C72,0.5485491,true,1.0
TTF4C72,otsu,0.6,,0.5485491,false,0.0
TTF4C72,otsu,0.8,,0.5485491,false,0.0
TTF4C72,resized2x,0.0,LTTF4C72,0.5595703,false,0.14285715
TTF4C72,resized2x,0.2,LTTF4C72,0.5595703,false,0.14285715
TTF4C72,resized2x,0.4,LTTF4C72,0.5595703,false,0.14285715
TTF4C72,resized2x,0.6,,0.5595703,false,0.0
TTF4C72,resized2x,0.8,,0.5595703,false,0.0
TTF4C72,sharpened,0.0,ETTE4C72,0.6352539,false,0.14285715
TTF4C72,sharpened,0.2,ETTE4C72,0.6352539,false,0.14285715
TTF4C72,sharpened,0.4,ETTE4C72,0.6352539,false,0.14285715
TTF4C72,sharpened,0.6,ETTE4C72,0.6352539,false,0.14285715
TTF4C72,sharpened,0.8,,0.6352539,false,0.0
TTF4C72,original,0.0,TTF4C72,0.67578125,true,1.0
TTF4C72,original,0.2,TTF4C72,0.67578125,true,1.0
TTF4C72,original,0.4,TTF4C72,0.67578125,true,1.0
TTF4C72,original,0.6,TTF4C72,0.67578125,true,1.0
TTF4C72,original,0.8,,0.67578125,false,0.0
TTF4C72,grayscale,0.0,TTE4C72,0.6484375,false,0.85714287
TTF4C72,grayscale,0.2,TTE4C72,0.6484375,false,0.85714287
TTF4C72,grayscale,0.4,TTE4C72,0.6484375,false,0.85714287
TTF4C72,grayscale,0.6,TTE4C72,0.6484375,false,0.85714287
TTF4C72,grayscale,0.8,,0.6484375,false,0.0
TTF4C72,inverted,0.0,ITE4C72,0.63002235,false,0.71428573
TTF4C72,inverted,0.2,ITE4C72,0.63002235,false,0.71428573
TTF4C72,inverted,0.4,ITE4C72,0.63002235,false,0.71428573
TTF4C72,inverted,0.6,ITE4C72,0.63002235,false,0.71428573
TTF4C72,inverted,0.8,,0.63002235,false,0.0
TTF4C72,adaptive,0.0,ITF4C72,0.5217634,false,0.85714287
TTF4C72,adaptive,0.2,ITF4C72,0.5217634,false,0.85714287
TTF4C72,adaptive,0.4,ITF4C72,0.5217634,false,0.85714287
TTF4C72,adaptive,0.6,,0.5217634,false,0.0
TTF4C72,adaptive,0.8,,0.5217634,false,0.0
TTF4C72,bilateral,0.0,ITE4C72,0.62276787,false,0.71428573
TTF4C72,bilateral,0.2,ITE4C72,0.62276787,false,0.71428573
TTF4C72,bilateral,0.4,ITE4C72,0.62276787,false,0.71428573
TTF4C72,bilateral,0.6,ITE4C72,0.62276787,false,0.71428573
TTF4C72,bilateral,0.8,,0.62276787,false,0.0
TTF4C72,otsu,0.0,TTF4C72,0.5485491,true,1.0
TTF4C72,otsu,0.2,TTF4C72,0.5485491,true,1.0
TTF4C72,otsu,0.4,TTF4C72,0.5485491,true,1.0
TTF4C72,otsu,0.6,,0.5485491,false,0.0
TTF4C72,otsu,0.8,,0.5485491,false,0.0
TTF4C72,resized2x,0.0,LTTF4C72,0.5595703,false,0.14285715
TTF4C72,resized2x,0.2,LTTF4C72,0.5595703,false,0.14285715
TTF4C72,resized2x,0.4,LTTF4C72,0.5595703,false,0.14285715
TTF4C72,resized2x,0.6,,0.5595703,false,0.0
TTF4C72,resized2x,0.8,,0.5595703,false,0.0
TTF4C72,sharpened,0.0,ETTE4C72,0.6352539,false,0.14285715
TTF4C72,sharpened,0.2,ETTE4C72,0.6352539,false,0.14285715
TTF4C72,sharpened,0.4,ETTE4C72,0.6352539,false,0.14285715
TTF4C72,sharpened,0.6,ETTE4C72,0.6352539,false,0.14285715
TTF4C72,sharpened,0.8,,0.6352539,false,0.0
TTF4C72,original,0.0,TTF4C72,0.640067,true,1.0
TTF4C72,original,0.2,TTF4C72,0.640067,true,1.0
TTF4C72,original,0.4,TTF4C72,0.640067,true,1.0
TTF4C72,original,0.6,TTF4C72,0.640067,true,1.0
TTF4C72,original,0.8,,0.640067,false,0.0
TTF4C72,grayscale,0.0,TTF4C72,0.63504463,true,1.0
TTF4C72,grayscale,0.2,TTF4C72,0.63504463,true,1.0
TTF4C72,grayscale,0.4,TTF4C72,0.63504463,true,1.0
TTF4C72,grayscale,0.6,TTF4C72,0.63504463,true,1.0
TTF4C72,grayscale,0.8,,0.63504463,false,0.0
TTF4C72,inverted,0.0,TTF4C72,0.6551339,true,1.0
TTF4C72,inverted,0.2,TTF4C72,0.6551339,true,1.0
TTF4C72,inverted,0.4,TTF4C72,0.6551339,true,1.0
TTF4C72,inverted,0.6,TTF4C72,0.6551339,true,1.0
TTF4C72,inverted,0.8,,0.6551339,false,0.0
TTF4C72,adaptive,0.0,TTE4C72,0.640067,false,0.85714287
TTF4C72,adaptive,0.2,TTE4C72,0.640067,false,0.85714287
TTF4C72,adaptive,0.4,TTE4C72,0.640067,false,0.85714287
TTF4C72,adaptive,0.6,TTE4C72,0.640067,false,0.85714287
TTF4C72,adaptive,0.8,,0.640067,false,0.0
TTF4C72,bilateral,0.0,ITE4C72,0.63783485,false,0.71428573
TTF4C72,bilateral,0.2,ITE4C72,0.63783485,false,0.71428573
TTF4C72,bilateral,0.4,ITE4C72,0.63783485,false,0.71428573
TTF4C72,bilateral,0.6,ITE4C72,0.63783485,false,0.71428573
TTF4C72,bilateral,0.8,,0.63783485,false,0.0
TTF4C72,otsu,0.0,IIF4C72,0.52566963,false,0.71428573
TTF4C72,otsu,0.2,IIF4C72,0.52566963,false,0.71428573
TTF4C72,otsu,0.4,IIF4C72,0.52566963,false,0.71428573
TTF4C72,otsu,0.6,,0.52566963,false,0.0
TTF4C72,otsu,0.8,,0.52566963,false,0.0
TTF4C72,resized2x,0.0,TTE4C72,0.63616073,false,0.85714287
TTF4C72,resized2x,0.2,TTE4C72,0.63616073,false,0.85714287
TTF4C72,resized2x,0.4,TTE4C72,0.63616073,false,0.85714287
TTF4C72,resized2x,0.6,TTE4C72,0.63616073,false,0.85714287
TTF4C72,resized2x,0.8,,0.63616073,false,0.0
TTF4C72,sharpened,0.0,LTTE4C72,0.58447266,false,0.14285715
TTF4C72,sharpened,0.2,LTTE4C72,0.58447266,false,0.14285715
TTF4C72,sharpened,0.4,LTTE4C72,0.58447266,false,0.14285715
TTF4C72,sharpened,0.6,,0.58447266,false,0.0
TTF4C72,sharpened,0.8,,0.58447266,false,0.0
TUJ0F82,original,0.0,TU30F22,0.49776787,false,0.71428573
TUJ0F82,original,0.2,TU30F22,0.49776787,false,0.71428573
TUJ0F82,original,0.4,TU30F22,0.49776787,false,0.71428573
TUJ0F82,original,0.6,,0.49776787,false,0.0
TUJ0F82,original,0.8,,0.49776787,false,0.0
TUJ0F82,grayscale,0.0,TU30FE2,0.49497768,false,0.71428573
TUJ0F82,grayscale,0.2,TU30FE2,0.49497768,false,0.71428573
TUJ0F82,grayscale,0.4,TU30FE2,0.49497768,false,0.71428573
TUJ0F82,grayscale,0.6,,0.49497768,false,0.0
TUJ0F82,grayscale,0.8,,0.49497768,false,0.0
TUJ0F82,inverted,0.0,TU30F82,0.43024555,false,0.85714287
TUJ0F82,inverted,0.2,TU30F82,0.43024555,false,0.85714287
TUJ0F82,inverted,0.4,TU30F82,0.43024555,false,0.85714287
TUJ0F82,inverted,0.6,,0.43024555,false,0.0
TUJ0F82,inverted,0.8,,0.43024555,false,0.0
TUJ0F82,adaptive,0.0,,1.0,false,0.0
TUJ0F82,adaptive,0.2,,1.0,false,0.0
TUJ0F82,adaptive,0.4,,1.0,false,0.0
TUJ0F82,adaptive,0.6,,1.0,false,0.0
TUJ0F82,adaptive,0.8,,1.0,false,0.0
TUJ0F82,bilateral,0.0,,1.0,false,0.0
TUJ0F82,bilateral,0.2,,1.0,false,0.0
TUJ0F82,bilateral,0.4,,1.0,false,0.0
TUJ0F82,bilateral,0.6,,1.0,false,0.0
TUJ0F82,bilateral,0.8,,1.0,false,0.0
TUJ0F82,otsu,0.0,,1.0,false,0.0
TUJ0F82,otsu,0.2,,1.0,false,0.0
TUJ0F82,otsu,0.4,,1.0,false,0.0
TUJ0F82,otsu,0.6,,1.0,false,0.0
TUJ0F82,otsu,0.8,,1.0,false,0.0
TUJ0F82,resized2x,0.0,TU30F22,0.49274555,false,0.71428573
TUJ0F82,resized2x,0.2,TU30F22,0.49274555,false,0.71428573
TUJ0F82,resized2x,0.4,TU30F22,0.49274555,false,0.71428573
TUJ0F82,resized2x,0.6,,0.49274555,false,0.0
TUJ0F82,resized2x,0.8,,0.49274555,false,0.0
TUJ0F82,sharpened,0.0,TUJ0F22,0.50446427,false,0.85714287
TUJ0F82,sharpened,0.2,TUJ0F22,0.50446427,false,0.85714287
TUJ0F82,sharpened,0.4,TUJ0F22,0.50446427,false,0.85714287
TUJ0F82,sharpened,0.6,,0.50446427,false,0.0
TUJ0F82,sharpened,0.8,,0.50446427,false,0.0
TUJ0F82,original,0.0,75592,0.3640625,false,0.0
TUJ0F82,original,0.2,75592,0.3640625,false,0.0
TUJ0F82,original,0.4,,0.3640625,false,0.0
TUJ0F82,original,0.6,,0.3640625,false,0.0
TUJ0F82,original,0.8,,0.3640625,false,0.0
TUJ0F82,grayscale,0.0,F82,0.48697916,false,0.0
TUJ0F82,grayscale,0.2,F82,0.48697916,false,0.0
TUJ0F82,grayscale,0.4,F82,0.48697916,false,0.0
TUJ0F82,grayscale,0.6,,0.48697916,false,0.0
TUJ0F82,grayscale,0.8,,0.48697916,false,0.0
TUJ0F82,inverted,0.0,,1.0,false,0.0
TUJ0F82,inverted,0.2,,1.0,false,0.0
TUJ0F82,inverted,0.4,,1.0,false,0.0
TUJ0F82,inverted,0.6,,1.0,false,0.0
TUJ0F82,inverted,0.8,,1.0,false,0.0
TUJ0F82,adaptive,0.0,,1.0,false,0.0
TUJ0F82,adaptive,0.2,,1.0,false,0.0
TUJ0F82,adaptive,0.4,,1.0,false,0.0
TUJ0F82,adaptive,0.6,,1.0,false,0.0
TUJ0F82,adaptive,0.8,,1.0,false,0.0
TUJ0F82,bilateral,0.0,,1.0,false,0.0
TUJ0F82,bilateral,0.2,,1.0,false,0.0
TUJ0F82,bilateral,0.4,,1.0,false,0.0
TUJ0F82,bilateral,0.6,,1.0,false,0.0
TUJ0F82,bilateral,0.8,,1.0,false,0.0
TUJ0F82,otsu,0.0,,1.0,false,0.0
TUJ0F82,otsu,0.2,,1.0,false,0.0
TUJ0F82,otsu,0.4,,1.0,false,0.0
TUJ0F82,otsu,0.6,,1.0,false,0.0
TUJ0F82,otsu,0.8,,1.0,false,0.0
TUJ0F82,resized2x,0.0,,1.0,false,0.0
TUJ0F82,resized2x,0.2,,1.0,false,0.0
TUJ0F82,resized2x,0.4,,1.0,false,0.0
TUJ0F82,resized2x,0.6,,1.0,false,0.0
TUJ0F82,resized2x,0.8,,1.0,false,0.0
TUJ0F82,sharpened,0.0,5582,0.31152344,false,0.0
TUJ0F82,sharpened,0.2,5582,0.31152344,false,0.0
TUJ0F82,sharpened,0.4,,0.31152344,false,0.0
TUJ0F82,sharpened,0.6,,0.31152344,false,0.0
TUJ0F82,sharpened,0.8,,0.31152344,false,0.0
TUJ0F82,original,0.0,TUJOFS2,0.49832588,false,0.71428573
TUJ0F82,original,0.2,TUJOFS2,0.49832588,false,0.71428573
TUJ0F82,original,0.4,TUJOFS2,0.49832588,false,0.71428573
TUJ0F82,original,0.6,,0.49832588,false,0.0
TUJ0F82,original,0.8,,0.49832588,false,0.0
TUJ0F82,grayscale,0.0,TUJOF82,0.5234375,false,0.85714287
TUJ0F82,grayscale,0.2,TUJOF82,0.5234375,false,0.85714287
TUJ0F82,grayscale,0.4,TUJOF82,0.5234375,false,0.85714287
TUJ0F82,grayscale,0.6,,0.5234375,false,0.0
TUJ0F82,grayscale,0.8,,0.5234375,false,0.0
TUJ0F82,inverted,0.0,TUJOFS2,0.47879463,false,0.71428573
TUJ0F82,inverted,0.2,TUJOFS2,0.47879463,false,0.71428573
TUJ0F82,inverted,0.4,TUJOFS2,0.47879463,false,0.71428573
TUJ0F82,inverted,0.6,,0.47879463,false,0.0
TUJ0F82,inverted,0.8,,0.47879463,false,0.0
TUJ0F82,adaptive,0.0,TUSOF32,0.37890625,false,0.5714286
TUJ0F82,adaptive,0.2,TUSOF32,0.37890625,false,0.5714286
TUJ0F82,adaptive,0.4,,0.37890625,false,0.0
TUJ0F82,adaptive,0.6,,0.37890625,false,0.0
TUJ0F82,adaptive,0.8,,0.37890625,false,0.0
TUJ0F82,bilateral,0.0,TUJOFS2,0.3158482,false,0.71428573
TUJ0F82,bilateral,0.2,TUJOFS2,0.3158482,false,0.71428573
TUJ0F82,bilateral,0.4,,0.3158482,false,0.0
TUJ0F82,bilateral,0.6,,0.3158482,false,0.0
TUJ0F82,bilateral,0.8,,0.3158482,false,0.0
TUJ0F82,otsu,0.0,,1.0,false,0.0
TUJ0F82,otsu,0.2,,1.0,false,0.0
TUJ0F82,otsu,0.4,,1.0,false,0.0
TUJ0F82,otsu,0.6,,1.0,false,0.0
TUJ0F82,otsu,0.8,,1.0,false,0.0
TUJ0F82,resized2x,0.0,TUJOFS2,0.6629464,false,0.71428573
TUJ0F82,resized2x,0.2,TUJOFS2,0.6629464,false,0.71428573
TUJ0F82,resized2x,0.4,TUJOFS2,0.6629464,false,0.71428573
TUJ0F82,resized2x,0.6,TUJOFS2,0.6629464,false,0.71428573
TUJ0F82,resized2x,0.8,,0.6629464,false,0.0
TUJ0F82,sharpened,0.0,TUJOFS2,0.5217634,false,0.71428573
TUJ0F82,sharpened,0.2,TUJOFS2,0.5217634,false,0.71428573
TUJ0F82,sharpened,0.4,TUJOFS2,0.5217634,false,0.71428573
TUJ0F82,sharpened,0.6,,0.5217634,false,0.0
TUJ0F82,sharpened,0.8,,0.5217634,false,0.0
